Date,Team,Conference,Location,Opponent,Result,Points,OpponentPoints,FieldGoals,FieldGoalAttempts,ThreePointers,ThreePointerAttempts,FreeThrows,FreeThrowAttempts,OffensiveRebounds,TeamRebounds,Assists,Steals,Blocks,Turnovers,PersonalFouls,OpponentFieldGoals,OpponentFieldGoalAttempts,OpponentThreePointers,OpponentThreePointerAttempts,OpponentFreeThrows,OpponentFreeThrowAttempts,OpponentOffensiveRebounds,OpponentTeamRebounds,OpponentAssists,OpponentSteals,OpponentBlocks,OpponentTurnovers,OpponentPersonalFouls
2019-11-07,Washington State,Pac-12,H,Seattle,W,85,54,33,80,9,27,10,15,14,41,12,8,2,3,13,20,55,1,13,13,19,4,29,4,1,2,10,14
2019-11-12,Washington State,Pac-12,A,Santa Clara,L,62,70,22,67,7,29,11,17,8,29,9,12,1,14,15,25,53,5,16,15,17,8,43,11,8,5,21,21
2019-11-09,North Carolina Central,MEAC,A,Stephen F. Austin,L,64,94,21,47,7,18,15,19,4,18,12,10,1,30,17,35,59,11,19,13,17,9,32,19,11,3,22,15
2019-11-11,North Carolina Central,MEAC,H,USC Upstate,W,73,64,23,46,9,18,18,23,8,38,16,6,2,26,25,23,65,7,29,11,23,10,28,12,5,2,13,22
2019-11-05,Rhode Island,A-10,H,LIU-Brooklyn,W,76,65,27,70,9,26,13,17,15,52,18,5,2,10,14,22,68,13,44,8,12,8,36,15,6,1,12,16
2019-11-09,Rhode Island,A-10,A,Maryland,L,55,73,20,67,7,23,8,16,17,39,11,6,1,18,21,25,56,6,19,17,24,10,41,14,7,5,16,21
2019-11-12,UTEP,CUSA,H,New Mexico State,W,65,50,23,49,3,13,16,21,5,31,10,8,3,11,16,21,57,6,26,2,11,13,36,9,5,0,15,17
2019-11-05,Providence,Big East,H,Sacred Heart,W,106,60,39,76,16,34,12,16,16,45,31,13,10,7,20,19,59,6,20,16,23,10,30,10,4,4,18,12
2019-11-09,Providence,Big East,H,NJIT,W,76,47,28,63,9,30,11,16,15,43,19,9,8,16,15,17,52,5,26,8,10,6,29,7,2,1,22,19
2019-11-13,Providence,Big East,A,Northwestern,L,63,72,22,72,8,35,11,18,17,34,13,12,3,9,24,23,47,7,16,19,25,6,38,17,7,4,19,19
2019-11-06,Stanford,Pac-12,H,Montana,W,73,62,27,54,7,17,12,13,1,23,13,13,5,9,12,23,52,7,20,9,14,5,31,9,6,4,17,13
2019-11-09,Stanford,Pac-12,H,Cal State Fullerton,W,70,54,25,50,5,17,15,26,4,31,10,7,4,15,17,20,59,4,22,10,19,13,42,6,6,1,16,19
2019-11-12,Stanford,Pac-12,H,Long Beach State,W,86,58,35,65,10,23,6,7,10,35,23,9,1,11,12,22,54,7,23,7,12,7,28,9,6,7,19,17
2019-11-08,Arizona State,Pac-12,N,Colorado,L,71,81,25,65,8,20,13,18,4,32,12,10,6,16,24,30,65,6,16,15,25,10,44,12,6,3,18,14
2019-11-14,Arizona State,Pac-12,H,Central Connecticut,W,90,49,29,65,7,27,25,33,12,43,19,14,5,11,18,17,57,4,17,11,21,10,33,9,6,5,23,28
2019-11-05,Boston University,Patriot,H,Northeastern,L,67,72,27,55,8,26,5,12,7,30,11,5,4,15,15,28,55,5,16,11,14,5,28,10,10,1,12,18
2019-11-13,Boston University,Patriot,A,Vermont,L,47,62,17,57,4,16,9,15,8,33,7,10,1,13,19,23,53,5,20,11,18,6,35,11,7,5,14,16
2019-11-09,Ball State,MAC,A,Evansville,L,75,79,30,65,9,23,6,15,10,34,9,10,0,10,19,29,61,9,19,12,14,6,31,13,7,3,16,13
2019-11-13,Ball State,MAC,A,UIC,W,67,48,27,68,7,27,6,12,12,37,17,5,8,4,16,17,54,4,19,10,14,8,36,12,3,3,11,11
2019-11-05,LIU-Brooklyn,NEC,A,Rhode Island,L,65,76,22,68,13,44,8,12,8,36,15,6,1,12,16,27,70,9,26,13,17,15,52,18,5,2,10,14
2019-11-08,LIU-Brooklyn,NEC,H,UMass-Lowell,L,74,87,29,66,8,33,8,12,7,29,15,4,9,15,22,30,69,10,25,17,24,15,43,15,6,4,13,19
2019-11-13,LIU-Brooklyn,NEC,A,George Mason,L,74,80,29,63,5,21,11,18,8,33,10,6,4,14,16,31,67,5,18,13,17,10,36,11,7,7,10,16
2019-11-05,Drexel,CAA,A,Temple,L,62,70,24,69,6,30,8,11,15,42,17,9,6,14,14,28,65,5,15,9,13,8,39,14,11,5,11,14
2019-11-08,Drexel,CAA,H,Niagara,W,72,64,27,49,8,18,10,19,7,33,19,7,1,19,13,28,62,5,15,3,4,3,22,13,5,0,11,17
2019-11-10,Drexel,CAA,H,Abilene Christian,W,86,83,27,52,8,20,24,32,8,39,15,4,5,22,17,30,65,9,25,14,20,3,18,13,12,2,8,26
2019-11-13,Drexel,CAA,A,Rutgers,L,57,62,21,65,9,27,6,8,10,33,10,7,5,11,21,19,51,4,17,20,25,7,37,8,7,8,13,13
2019-11-05,Denver,Summit,A,Colorado State,L,63,74,24,58,7,21,8,15,9,30,9,2,3,14,25,23,50,7,23,21,26,7,35,12,4,1,14,18
2019-11-09,Denver,Summit,H,Utah Valley,W,74,62,32,66,7,12,3,6,5,27,16,4,4,7,15,23,53,5,23,11,14,6,32,7,3,7,12,10
2019-11-12,Denver,Summit,A,Utah State,L,56,97,21,54,4,16,10,14,1,23,9,4,5,15,21,32,67,14,30,19,24,13,46,23,10,4,12,15
2019-11-05,East Carolina,AAC,H,VMI,W,80,68,31,58,4,12,14,24,11,37,17,4,7,13,15,25,67,9,24,9,13,9,28,13,7,0,8,22
2019-11-08,East Carolina,AAC,A,Navy,L,57,62,22,54,5,18,8,13,9,27,15,12,4,19,27,19,42,6,16,18,26,6,27,11,8,0,20,16
2019-11-12,East Carolina,AAC,A,Appalachian State,L,62,68,21,59,5,22,15,19,10,30,11,4,2,14,22,20,45,8,20,20,28,5,33,11,7,3,13,19
2019-11-07,Presbyterian,Big South,A,Clemson,L,45,79,18,51,5,18,4,9,8,31,10,8,2,20,10,31,67,14,34,3,4,10,38,14,6,2,11,16
2019-11-11,Presbyterian,Big South,A,VMI,W,80,77,29,63,10,21,12,20,12,37,12,8,3,12,14,27,64,14,36,9,11,8,34,20,6,5,10,12
2019-11-14,Presbyterian,Big South,H,Morehead State,L,55,77,22,56,6,24,5,9,7,23,9,4,3,12,17,30,58,7,20,10,18,11,39,14,9,4,8,11
2019-11-05,Princeton,Ivy,A,Duquesne,L,67,94,27,57,7,22,6,14,12,29,11,1,0,17,14,36,63,13,25,9,10,6,25,13,10,5,8,15
2019-11-09,Princeton,Ivy,N,San Francisco,L,72,82,26,58,7,18,13,21,9,32,7,6,3,11,16,31,68,7,23,13,17,16,44,10,3,2,10,21
2019-11-13,Princeton,Ivy,H,Lafayette,L,65,72,25,64,8,29,7,12,9,28,8,8,3,9,13,26,50,11,19,9,13,4,27,15,7,7,10,11
2019-11-05,Utah State,MWC,H,Montana State,W,81,73,20,53,6,18,35,45,8,34,12,8,5,9,23,24,57,9,19,16,26,8,33,13,6,3,15,31
2019-11-08,Utah State,MWC,H,Weber State,W,89,34,37,67,6,17,9,10,10,39,26,6,0,7,17,10,46,5,22,9,20,8,23,7,3,5,17,13
2019-11-12,Utah State,MWC,H,Denver,W,97,56,32,67,14,30,19,24,13,46,23,10,4,12,15,21,54,4,16,10,14,1,23,9,4,5,15,21
2019-11-06,Syracuse,ACC,H,Virginia,L,34,48,13,55,5,29,3,7,5,24,7,5,3,8,12,20,49,4,25,4,6,9,44,14,4,4,15,7
2019-11-13,Syracuse,ACC,H,Colgate,W,70,54,28,55,7,17,7,12,9,39,20,9,6,13,11,18,60,13,41,5,7,11,26,14,6,4,15,14
2019-11-08,UIC,Horizon,A,Memphis,L,46,92,15,62,8,29,8,14,11,27,10,5,3,19,18,32,54,14,27,14,26,8,40,22,5,8,14,17
2019-11-13,UIC,Horizon,H,Ball State,L,48,67,17,54,4,19,10,14,8,36,12,3,3,11,11,27,68,7,27,6,12,12,37,17,5,8,4,16
2019-11-06,Long Beach State,Big West,A,UCLA,L,65,69,24,52,9,19,8,16,4,25,6,4,5,14,24,21,53,5,19,22,31,13,37,13,11,6,13,16
2019-11-09,Long Beach State,Big West,H,San Diego,W,74,62,28,62,6,16,12,16,8,31,9,10,1,17,21,21,54,6,21,14,20,11,35,8,3,2,29,19
2019-11-12,Long Beach State,Big West,A,Stanford,L,58,86,22,54,7,23,7,12,7,28,9,6,7,19,17,35,65,10,23,6,7,10,35,23,9,1,11,12
2019-11-14,Long Beach State,Big West,A,Saint Mary's,L,63,81,23,52,5,14,12,17,6,24,8,6,5,12,16,31,55,12,20,7,10,6,28,18,7,0,11,16
2019-11-05,Siena,MAAC,H,American,W,96,80,35,67,11,21,15,18,13,39,17,4,0,13,23,28,54,6,18,18,28,5,23,7,5,1,11,17
2019-11-08,Siena,MAAC,A,Xavier,L,63,81,21,56,4,19,17,28,9,32,9,4,3,13,25,27,63,6,19,21,31,12,38,16,5,2,11,20
2019-11-12,Siena,MAAC,H,St. Bonaventure,W,78,65,25,54,6,18,22,29,11,36,12,6,3,13,11,24,63,10,28,7,7,10,26,12,3,3,13,20
2019-11-14,Siena,MAAC,A,Harvard,L,56,59,24,59,4,22,4,8,11,35,10,7,2,16,13,23,57,9,26,4,5,8,32,8,8,10,18,12
2019-11-05,Alabama A&amp;M,SWAC,A,Tennessee State,L,66,106,24,66,8,25,10,19,11,29,7,6,0,14,17,41,62,17,34,7,16,7,39,25,6,7,16,21
2019-11-11,Alabama A&amp;M,SWAC,A,Alabama-Birmingham,L,52,74,22,57,3,24,5,9,6,19,5,11,2,15,16,27,54,2,13,18,25,10,39,8,12,3,15,14
2019-11-14,Alabama A&amp;M,SWAC,A,Cincinnati,L,53,85,21,67,6,24,5,8,5,22,10,11,1,13,23,30,58,7,22,18,27,11,52,21,8,5,16,11
2019-11-05,Seton Hall,Big East,H,Wagner,W,105,71,37,60,9,24,22,32,6,36,20,14,5,10,25,25,61,5,23,16,26,12,35,12,4,0,19,26
2019-11-09,Seton Hall,Big East,H,Stony Brook,W,74,57,28,64,7,18,11,16,10,34,15,5,3,9,16,18,51,6,25,15,20,9,33,8,6,9,13,16
2019-11-14,Seton Hall,Big East,H,Michigan State,L,73,76,26,60,11,28,10,15,7,33,14,9,6,16,15,27,65,12,27,10,17,12,37,15,11,3,14,14
2019-11-05,Jacksonville State,OVC,A,SMU,L,65,74,23,56,7,22,12,16,13,37,12,7,3,18,19,26,60,5,21,17,25,17,37,15,7,2,13,16
2019-11-05,St. Bonaventure,A-10,H,Ohio,L,53,65,20,55,3,19,10,15,12,31,11,4,2,16,21,24,51,8,22,9,16,7,27,17,10,2,12,18
2019-11-08,St. Bonaventure,A-10,H,Vermont,L,59,61,19,61,4,27,17,22,12,43,11,9,2,11,25,17,48,3,20,24,34,7,35,15,6,3,14,20
2019-11-12,St. Bonaventure,A-10,A,Siena,L,65,78,24,63,10,28,7,7,10,26,12,3,3,13,20,25,54,6,18,22,29,11,36,12,6,3,13,11
2019-11-05,High Point,Big South,H,William &amp; Mary,L,56,70,20,63,2,12,14,21,10,35,6,5,5,11,16,24,56,8,24,14,20,6,39,15,4,4,15,14
2019-11-09,High Point,Big South,A,Wofford,L,61,89,17,48,6,15,21,26,8,28,11,2,3,11,20,28,58,15,37,18,21,6,24,19,8,7,4,22
2019-11-13,High Point,Big South,A,Boston College,L,33,59,12,48,4,19,5,8,9,39,6,6,3,28,15,24,65,3,25,8,13,10,36,13,16,3,13,13
2019-11-08,Northwestern,Big Ten,H,Merrimack,L,61,71,20,53,2,16,19,24,8,32,14,1,2,13,19,22,49,9,29,18,25,4,28,15,9,2,10,19
2019-11-13,Northwestern,Big Ten,H,Providence,W,72,63,23,47,7,16,19,25,6,38,17,7,4,19,19,22,72,8,35,11,18,17,34,13,12,3,9,24
2019-11-08,Sam Houston State,Southland,A,Mississippi State,L,58,67,24,65,6,22,4,4,9,24,8,12,1,10,24,23,46,5,18,16,24,10,37,18,5,8,23,13
2019-11-09,Chicago State,WAC,H,Loyola (MD),L,85,98,27,56,6,16,25,35,6,30,12,6,2,16,23,32,63,11,31,23,29,7,31,22,6,2,10,24
2019-11-12,Chicago State,WAC,A,Eastern Illinois,L,34,98,11,47,1,13,11,18,2,29,4,4,4,26,18,35,72,9,23,19,23,13,45,29,12,3,10,18
2019-11-05,Oklahoma,Big 12,H,UTSA,W,85,67,31,65,5,25,18,23,8,41,13,5,8,14,15,25,74,5,29,12,17,14,43,10,8,1,15,22
2019-11-09,Oklahoma,Big 12,N,Minnesota,W,71,62,24,60,6,15,17,22,8,39,10,6,3,9,15,25,63,8,32,4,12,8,31,11,3,5,13,20
2019-11-12,Oklahoma,Big 12,N,Oregon State,W,77,69,27,63,11,22,12,14,9,38,13,4,4,8,14,27,66,8,20,7,10,8,31,16,4,6,8,15
2019-11-06,Cincinnati,AAC,A,Ohio State,L,56,64,19,57,4,21,14,23,14,33,9,6,1,12,27,20,49,5,16,19,29,13,39,9,2,2,14,18
2019-11-11,Cincinnati,AAC,H,Drake,W,81,59,31,60,11,26,8,12,10,38,20,7,4,12,18,22,62,4,19,11,17,10,30,15,7,3,11,17
2019-11-14,Cincinnati,AAC,H,Alabama A&amp;M,W,85,53,30,58,7,22,18,27,11,52,21,8,5,16,11,21,67,6,24,5,8,5,22,10,11,1,13,23
2019-11-06,Green Bay,Horizon,A,Purdue,L,57,79,23,63,7,20,4,9,8,26,12,4,1,16,17,31,61,6,19,11,17,10,35,16,8,9,10,14
2019-11-13,Green Bay,Horizon,A,New Mexico,L,78,93,30,75,10,33,8,11,7,32,22,6,2,16,23,31,65,9,22,22,28,9,42,18,10,2,18,13
2019-11-05,Samford,Southern,A,Morehead State,L,86,90,29,79,6,26,22,32,21,45,9,13,7,14,23,33,73,6,29,18,30,18,47,16,7,5,20,22
2019-11-11,Samford,Southern,A,Belmont,L,63,95,27,64,2,9,7,11,10,36,7,4,1,20,11,34,68,16,38,11,16,6,32,24,10,5,10,15
2019-11-12,Manhattan,MAAC,H,Delaware State,W,85,74,24,59,8,33,29,37,10,32,17,16,4,15,25,22,47,7,18,23,32,5,32,13,6,3,25,28
2019-11-06,Incarnate Word,Southland,A,Missouri,L,42,82,15,56,2,12,10,19,6,33,7,4,0,20,20,28,63,7,31,19,29,12,45,16,9,8,14,19
2019-11-08,Incarnate Word,Southland,A,Northern Colorado,L,61,83,22,56,5,15,12,16,5,21,5,4,0,8,20,28,55,14,32,13,15,7,35,20,4,3,10,15
2019-11-05,SMU,AAC,H,Jacksonville State,W,74,65,26,60,5,21,17,25,17,37,15,7,2,13,16,23,56,7,22,12,16,13,37,12,7,3,18,19
2019-11-12,SMU,AAC,H,New Orleans,W,77,64,28,59,6,23,15,22,10,39,15,4,2,10,15,22,63,4,24,16,23,12,36,13,3,2,8,23
2019-11-05,UTSA,CUSA,A,Oklahoma,L,67,85,25,74,5,29,12,17,14,43,10,8,1,15,22,31,65,5,25,18,23,8,41,13,5,8,14,15
2019-11-08,UTSA,CUSA,N,Southern Illinois,L,60,72,17,56,9,28,17,21,9,34,11,7,2,14,23,24,51,7,22,17,23,2,23,15,7,3,13,19
2019-11-09,UTSA,CUSA,N,Oakland,L,62,75,21,62,8,30,12,15,7,27,10,4,1,11,26,21,48,8,19,25,31,7,33,13,3,1,12,20
2019-11-10,UTSA,CUSA,N,Delaware,L,79,91,28,64,12,31,11,17,6,28,16,8,2,9,24,29,56,13,25,20,26,5,31,8,0,1,17,21
2019-11-06,Tulane,AAC,H,Southeastern Louisiana,W,76,55,26,63,8,28,16,24,10,41,15,10,2,12,15,24,61,5,28,2,11,10,39,13,3,2,19,24
2019-11-12,Tulane,AAC,H,Jackson State,W,88,79,30,54,6,17,22,30,6,25,14,7,3,9,14,28,61,10,24,13,17,12,27,18,6,3,13,21
2019-11-08,Akron,MAC,A,West Virginia,L,84,94,24,62,10,31,26,31,10,36,13,6,2,16,28,29,61,5,13,31,40,9,37,17,12,5,14,23
2019-11-08,Cal Poly,Big West,A,Santa Clara,L,63,77,23,58,5,13,12,18,8,31,12,3,0,15,26,23,49,3,10,28,37,4,30,14,8,4,12,20
2019-11-11,Cal Poly,Big West,A,North Dakota State,L,67,74,27,52,7,14,6,11,3,25,9,5,0,10,22,22,48,5,20,25,31,6,29,8,4,0,9,16
2019-11-05,San Diego State,MWC,H,Texas Southern,W,77,42,28,72,9,24,12,26,20,54,12,10,5,14,19,14,62,4,19,10,14,12,36,6,3,3,17,20
2019-11-09,San Diego State,MWC,A,BYU,W,76,71,27,61,9,20,13,18,11,38,12,5,1,14,15,25,56,8,24,13,16,2,25,16,11,1,8,18
2019-11-13,San Diego State,MWC,H,Grand Canyon,W,86,61,35,64,13,27,3,7,8,36,25,3,5,7,19,19,52,4,18,19,25,9,30,8,4,0,12,14
2019-11-06,Texas A&amp;M-Corpus Christi,Southland,H,Louisiana Tech,L,49,82,16,45,4,17,13,22,8,27,6,2,1,17,15,31,62,10,26,10,13,11,31,16,9,2,9,23
2019-11-11,Texas A&amp;M-Corpus Christi,Southland,A,Vanderbilt,L,66,71,23,50,12,23,8,11,5,25,17,9,2,20,17,26,52,8,22,11,18,9,27,10,13,7,12,13
2019-11-05,Lafayette,Patriot,H,Columbia,W,65,63,26,50,8,20,5,5,5,31,13,6,7,20,16,23,61,5,19,12,16,9,27,6,6,1,11,10
2019-11-09,Lafayette,Patriot,A,St. Francis (NY),L,72,73,27,61,8,28,10,13,6,32,15,5,1,15,16,26,57,5,12,16,19,5,33,7,6,5,14,16
2019-11-13,Lafayette,Patriot,A,Princeton,W,72,65,26,50,11,19,9,13,4,27,15,7,7,10,11,25,64,8,29,7,12,9,28,8,8,3,9,13
2019-11-06,Louisiana Tech,CUSA,A,Texas A&amp;M-Corpus Christi,W,82,49,31,62,10,26,10,13,11,31,16,9,2,9,23,16,45,4,17,13,22,8,27,6,2,1,17,15
2019-11-09,Stetson,A-Sun,A,Western Illinois,W,77,75,26,51,9,20,16,26,7,36,9,4,3,13,18,24,63,13,33,14,15,6,24,14,4,2,5,19
2019-11-05,George Washington,A-10,A,Towson,L,58,72,19,50,8,27,12,17,5,29,10,4,1,13,11,29,63,7,12,7,9,10,34,14,8,0,10,17
2019-11-09,George Washington,A-10,H,Howard,W,76,62,26,61,9,32,15,22,8,36,17,5,6,9,17,22,58,4,13,14,24,5,33,6,7,1,9,20
2019-11-12,George Washington,A-10,H,American,L,65,67,25,58,7,24,8,11,15,43,10,5,8,17,12,28,63,4,15,7,12,6,25,9,13,5,7,14
2019-11-05,Iowa State,Big 12,H,Mississippi Valley State,W,110,74,45,87,13,35,7,11,15,48,32,15,7,10,8,30,73,11,29,3,8,10,35,13,3,0,21,9
2019-11-09,Iowa State,Big 12,A,Oregon State,L,74,80,30,68,7,21,7,11,12,32,18,4,5,10,17,29,59,12,21,10,17,10,36,20,5,6,14,10
2019-11-12,Iowa State,Big 12,H,Northern Illinois,W,70,52,26,60,3,25,15,22,9,35,14,10,8,9,16,18,60,7,24,9,16,16,43,3,5,2,19,19
2019-11-09,Louisiana,Sun Belt,H,McNeese State,W,85,80,30,70,10,26,15,20,12,34,14,9,7,10,23,27,59,6,16,20,29,11,34,9,3,3,22,24
2019-11-12,Louisiana,Sun Belt,A,TCU,L,65,98,22,57,10,21,11,14,3,23,12,4,0,20,17,35,68,18,38,10,15,13,39,26,10,8,12,9
2019-11-08,Longwood,Big South,A,George Mason,L,65,76,25,67,10,31,5,7,10,24,13,3,2,8,18,29,53,6,14,12,19,7,34,14,1,7,13,15
2019-11-12,Longwood,Big South,H,Maryland-Eastern Shore,W,85,55,30,52,14,22,11,17,3,26,16,8,0,13,16,21,55,5,25,8,15,8,25,9,7,4,15,18
2019-11-14,Longwood,Big South,H,St. Francis (NY),W,86,77,28,59,9,22,21,27,11,27,9,5,1,9,21,29,57,8,21,11,19,10,29,11,4,4,15,21
2019-11-05,Pepperdine,WCC,A,California,L,71,87,26,70,10,29,9,9,10,28,16,3,4,9,14,31,54,10,19,15,18,5,35,12,4,1,12,13
2019-11-09,Pepperdine,WCC,H,UC-Irvine,W,77,73,24,56,9,23,20,25,7,30,18,5,2,11,19,26,56,5,16,16,24,11,36,16,8,2,13,20
2019-11-12,Pepperdine,WCC,A,Cal State Northridge,W,94,82,31,63,13,28,19,23,12,36,20,6,4,14,24,26,56,13,24,17,28,7,29,15,5,1,16,22
2019-11-06,Arizona,Pac-12,H,Northern Arizona,W,91,52,33,61,9,23,16,20,7,35,18,9,3,7,17,17,54,6,18,12,17,8,27,6,0,2,19,21
2019-11-10,Arizona,Pac-12,H,Illinois,W,90,69,34,61,7,16,15,22,10,32,20,14,3,16,23,25,53,5,16,14,20,6,25,10,4,2,22,22
2019-11-14,Arizona,Pac-12,H,San Jose State,W,87,39,30,62,8,18,19,28,12,47,24,6,4,8,16,14,61,2,18,9,18,11,32,5,4,1,16,22
2019-11-05,Columbia,Ivy,A,Lafayette,L,63,65,23,61,5,19,12,16,9,27,6,6,1,11,10,26,50,8,20,5,5,5,31,13,6,7,20,16
2019-11-10,Columbia,Ivy,A,Wake Forest,L,63,65,25,63,6,26,7,9,3,38,10,8,5,11,24,22,62,2,10,19,29,10,44,8,3,1,13,15
2019-11-13,Columbia,Ivy,H,Binghamton,W,75,63,27,59,11,25,10,17,7,34,14,5,4,12,13,22,55,7,23,12,17,7,31,8,5,6,13,16
2019-11-08,Vermont,AEC,A,St. Bonaventure,W,61,59,17,48,3,20,24,34,7,35,15,6,3,14,20,19,61,4,27,17,22,12,43,11,9,2,11,25
2019-11-10,Vermont,AEC,A,Bucknell,W,66,63,22,64,4,25,18,29,12,39,9,7,2,13,22,23,54,3,22,14,22,4,34,8,2,4,15,21
2019-11-13,Vermont,AEC,H,Boston University,W,62,47,23,53,5,20,11,18,6,35,11,7,5,14,16,17,57,4,16,9,15,8,33,7,10,1,13,19
2019-11-13,St. Peter's,MAAC,H,Bryant,L,44,69,16,63,4,20,8,13,7,26,7,6,2,11,17,26,60,8,28,9,15,13,49,13,7,2,17,16
2019-11-05,Eastern Kentucky,OVC,H,Chattanooga,W,79,68,27,52,6,14,19,25,7,39,10,6,7,24,21,22,68,9,25,15,17,12,30,11,8,0,20,22
2019-11-08,Eastern Kentucky,OVC,A,Kentucky,L,49,91,16,64,8,33,9,11,3,22,7,10,0,21,21,34,62,2,14,21,32,12,51,17,8,6,18,13
2019-11-09,La Salle,A-10,H,Iona,W,70,64,26,65,7,22,11,20,13,46,20,8,4,17,23,21,70,8,40,14,20,14,42,13,10,6,17,23
2019-11-13,La Salle,A-10,A,Penn,L,59,75,24,56,3,14,8,12,3,26,5,9,4,16,15,28,69,7,28,12,16,13,42,13,8,3,15,9
2019-11-06,Mercer,Southern,A,St. John's (NY),L,79,109,26,66,12,28,15,24,15,35,16,4,2,24,28,38,76,8,19,25,31,13,39,16,11,7,9,21
2019-11-11,Mercer,Southern,H,Kennesaw State,W,74,62,22,60,8,22,22,27,12,40,16,10,6,16,24,19,60,5,14,19,27,12,39,9,5,2,19,22
2019-11-09,Loyola Marymount,WCC,A,Nevada,L,67,72,23,55,6,21,15,19,3,26,11,5,0,10,22,24,56,7,30,17,22,6,34,13,7,5,11,21
2019-11-11,Elon,CAA,A,Georgia Tech,L,41,64,16,74,3,30,6,10,10,40,4,5,0,13,22,20,53,7,24,17,27,6,48,14,7,10,16,17
2019-11-09,Utah Valley,WAC,A,Denver,L,62,74,23,53,5,23,11,14,6,32,7,3,7,12,10,32,66,7,12,3,6,5,27,16,4,4,7,15
2019-11-05,Western Carolina,Southern,A,Georgia,L,72,91,26,73,9,34,11,20,12,38,11,3,3,12,25,31,66,8,26,21,32,12,48,15,9,7,14,26
2019-11-09,Western Carolina,Southern,H,Gardner-Webb,W,71,59,21,55,9,30,20,32,12,35,12,7,2,14,17,24,57,2,11,9,14,10,34,6,5,4,22,32
2019-11-12,Western Carolina,Southern,H,North Carolina A&amp;T,W,90,64,30,51,15,28,15,22,8,39,19,6,1,21,14,27,65,2,14,8,15,11,25,10,10,1,16,18
2019-11-08,Washington,Pac-12,N,Baylor,W,67,64,24,53,7,15,12,17,5,28,16,7,10,20,15,23,65,8,21,10,12,8,31,19,6,4,17,16
2019-11-12,Washington,Pac-12,H,Mount St. Mary's,W,56,46,22,53,5,18,7,14,10,33,16,7,11,15,14,16,55,7,22,7,13,10,29,7,6,1,14,16
2019-11-09,New Mexico,MWC,H,Cal State Northridge,W,97,70,36,60,6,16,19,26,7,33,22,6,3,12,16,28,63,8,23,6,13,9,23,17,3,2,15,25
2019-11-13,New Mexico,MWC,H,Green Bay,W,93,78,31,65,9,22,22,28,9,42,18,10,2,18,13,30,75,10,33,8,11,7,32,22,6,2,16,23
2019-11-05,Coastal Carolina,Sun Belt,H,Campbell,L,74,75,29,60,8,22,8,16,16,38,10,2,5,12,16,24,62,12,34,15,15,11,29,15,7,3,7,16
2019-11-12,Coastal Carolina,Sun Belt,H,Northern Kentucky,L,68,69,21,54,5,17,21,28,11,32,9,5,1,12,17,25,54,10,26,9,16,7,29,16,10,3,14,23
2019-11-06,Notre Dame,ACC,A,UNC,L,65,76,24,68,9,31,8,14,6,26,16,10,0,6,13,27,59,10,20,10,17,11,47,15,2,4,17,15
2019-11-09,Notre Dame,ACC,H,Robert Morris,W,92,57,31,54,8,22,22,25,5,39,18,5,5,11,12,21,62,11,30,4,8,7,27,12,6,1,14,21
2019-11-12,Notre Dame,ACC,H,Howard,W,79,50,32,63,6,23,9,13,9,40,22,9,5,14,11,19,61,8,26,4,7,8,29,16,6,2,14,13
2019-11-05,Bryant,NEC,H,Brown,L,71,73,25,62,8,28,13,21,10,32,14,9,0,11,24,23,53,5,17,22,31,13,39,9,7,2,15,18
2019-11-07,Bryant,NEC,A,Rutgers,L,71,73,26,66,13,35,6,9,8,38,16,8,9,21,25,26,69,3,21,18,32,11,42,15,11,7,15,13
2019-11-10,Bryant,NEC,H,Cornell,W,82,81,27,60,15,32,13,23,12,37,16,10,2,17,20,26,58,11,26,18,23,7,29,16,7,5,15,18
2019-11-13,Bryant,NEC,A,St. Peter's,W,69,44,26,60,8,28,9,15,13,49,13,7,2,17,16,16,63,4,20,8,13,7,26,7,6,2,11,17
2019-11-05,Oregon,Pac-12,H,Fresno State,W,71,57,25,60,1,13,20,27,15,43,11,8,2,13,13,19,55,9,36,10,14,7,28,14,5,7,17,19
2019-11-09,Oregon,Pac-12,H,Boise State,W,106,75,42,60,13,19,9,13,2,32,27,9,2,12,23,27,63,6,23,15,23,12,25,14,5,1,13,13
2019-11-12,Oregon,Pac-12,N,Memphis,W,82,74,29,60,9,23,15,27,13,36,16,7,2,18,21,26,69,4,23,18,22,15,33,16,7,2,12,21
2019-11-05,Xavier,Big East,H,Jacksonville,W,76,57,29,60,4,23,14,24,10,39,11,10,2,11,15,23,56,5,21,6,12,5,31,10,7,1,17,19
2019-11-08,Xavier,Big East,H,Siena,W,81,63,27,63,6,19,21,31,12,38,16,5,2,11,20,21,56,4,19,17,28,9,32,9,4,3,13,25
2019-11-12,Xavier,Big East,H,Missouri,W,63,58,20,61,3,21,20,27,8,40,6,6,2,16,16,20,60,6,25,12,15,7,38,8,8,4,20,20
2019-11-05,Florida A&amp;M,MEAC,A,USC,L,48,77,20,62,1,8,7,15,10,35,9,10,1,18,21,30,67,3,17,14,23,16,47,15,12,11,17,18
2019-11-08,Florida A&amp;M,MEAC,A,Hawaii,L,52,65,17,61,5,15,13,20,10,34,6,9,5,15,18,22,61,6,26,15,22,12,43,16,8,3,14,22
2019-11-10,Florida A&amp;M,MEAC,N,Pacific,L,54,76,18,46,5,17,13,22,3,18,8,3,1,15,16,31,59,6,18,8,18,12,38,14,9,2,9,17
2019-11-11,Florida A&amp;M,MEAC,N,South Dakota,L,82,85,29,59,3,12,21,35,9,26,7,9,0,7,21,26,44,11,17,22,28,3,32,15,4,2,13,28
2019-11-06,McNeese State,Southland,A,Western Michigan,L,65,75,26,55,5,19,8,18,7,34,6,3,3,14,20,21,58,11,32,22,28,9,34,10,9,2,6,17
2019-11-09,McNeese State,Southland,A,Louisiana,L,80,85,27,59,6,16,20,29,11,34,9,3,3,22,24,30,70,10,26,15,20,12,34,14,9,7,10,23
2019-11-13,McNeese State,Southland,A,Wisconsin,L,63,83,21,45,8,21,13,17,4,21,13,4,2,18,21,29,55,10,28,15,18,6,24,19,10,3,9,15
2019-11-06,James Madison,CAA,H,Charlotte,W,79,74,29,59,9,26,12,28,8,38,13,4,4,11,20,28,69,9,33,9,13,9,39,14,3,0,11,23
2019-11-10,James Madison,CAA,A,Virginia,L,34,65,12,53,8,31,2,6,6,35,6,3,1,19,11,26,68,4,25,9,14,13,47,11,8,6,10,10
2019-11-09,New Hampshire,AEC,H,Holy Cross,W,87,83,30,65,11,28,16,25,11,37,16,7,2,9,18,26,56,10,22,21,26,5,32,15,2,1,12,23
2019-11-12,New Hampshire,AEC,A,St. John's (NY),L,61,74,22,58,8,24,9,18,8,34,16,6,3,14,15,28,71,7,18,11,18,13,41,16,9,6,13,16
2019-11-05,Alabama,SEC,H,Penn,L,80,81,27,76,11,38,15,22,17,42,10,10,5,15,18,29,68,8,26,15,20,8,38,10,8,4,15,19
2019-11-11,Alabama,SEC,H,Florida Atlantic,W,78,59,26,59,9,29,17,22,12,45,21,5,5,19,18,24,69,5,28,6,17,12,30,11,15,4,11,19
2019-11-09,Howard,MEAC,A,George Washington,L,62,76,22,58,4,13,14,24,5,33,6,7,1,9,20,26,61,9,32,15,22,8,36,17,5,6,9,17
2019-11-12,Howard,MEAC,A,Notre Dame,L,50,79,19,61,8,26,4,7,8,29,16,6,2,14,13,32,63,6,23,9,13,9,40,22,9,5,14,11
2019-11-05,Illinois,Big Ten,H,Nicholls State,W,78,70,27,61,5,19,19,29,17,50,12,6,2,22,17,27,66,8,20,8,9,3,18,13,11,4,16,29
2019-11-08,Illinois,Big Ten,A,Grand Canyon,W,83,71,29,64,4,13,21,30,16,46,13,5,0,17,21,27,61,8,19,9,16,6,23,12,4,0,11,23
2019-11-10,Illinois,Big Ten,A,Arizona,L,69,90,25,53,5,16,14,20,6,25,10,4,2,22,22,34,61,7,16,15,22,10,32,20,14,3,16,23
2019-11-05,North Dakota State,Summit,A,Kansas State,L,54,67,15,52,8,30,16,25,8,38,10,4,1,6,18,26,61,6,21,9,14,7,38,14,5,4,6,16
2019-11-11,North Dakota State,Summit,H,Cal Poly,W,74,67,22,48,5,20,25,31,6,29,8,4,0,9,16,27,52,7,14,6,11,3,25,9,5,0,10,22
2019-11-05,College of Charleston,CAA,H,USC Upstate,W,74,55,25,56,3,18,21,28,8,40,7,6,1,10,15,20,56,6,20,9,15,7,29,5,3,3,12,23
2019-11-09,College of Charleston,CAA,H,Georgia State,W,84,80,25,53,10,26,24,29,5,22,11,9,4,15,22,26,59,5,16,23,30,12,36,9,7,2,19,28
2019-11-13,College of Charleston,CAA,H,Oklahoma State,L,54,73,17,52,5,27,15,16,9,26,9,7,1,14,12,28,54,9,21,8,9,6,30,20,10,4,11,15
2019-11-05,UMass-Lowell,AEC,A,UMass,L,64,79,23,60,5,18,13,20,11,36,10,7,0,18,20,31,64,9,27,8,17,10,30,18,11,7,9,19
2019-11-08,UMass-Lowell,AEC,A,LIU-Brooklyn,W,87,74,30,69,10,25,17,24,15,43,15,6,4,13,19,29,66,8,33,8,12,7,29,15,4,9,15,22
2019-11-10,UMass-Lowell,AEC,A,Ohio State,L,56,76,20,61,5,23,11,20,9,35,11,7,1,12,20,28,57,9,23,11,22,7,41,19,2,4,14,19
2019-11-08,Ole Miss,SEC,H,Arkansas State,W,71,43,25,56,8,26,13,20,9,33,16,14,3,14,20,15,46,6,19,7,12,1,20,12,11,2,23,19
2019-11-12,Ole Miss,SEC,H,Norfolk State,W,68,55,26,51,5,15,11,17,5,32,14,12,3,12,16,17,52,5,21,16,21,8,31,8,8,3,17,21
2019-11-06,Charlotte,CUSA,A,James Madison,L,74,79,28,69,9,33,9,13,9,39,14,3,0,11,23,29,59,9,26,12,28,8,38,13,4,4,11,20
2019-11-12,Charlotte,CUSA,H,Davidson,W,71,58,26,52,4,12,15,20,8,33,11,8,3,11,10,25,54,7,22,1,2,2,22,9,8,0,11,17
2019-11-08,Fairleigh Dickinson,NEC,A,DePaul,L,59,70,22,48,5,14,10,14,7,29,9,4,4,21,21,24,54,7,18,15,28,11,30,13,10,4,12,17
2019-11-13,Fairleigh Dickinson,NEC,A,Fordham,L,50,53,18,50,1,14,13,17,9,35,9,5,1,19,18,20,56,4,20,9,17,11,33,13,12,2,13,15
2019-11-09,UMKC,WAC,A,Oklahoma State,L,51,69,17,48,6,21,11,16,2,21,9,6,5,12,19,28,58,2,10,11,16,9,36,8,5,6,9,12
2019-11-13,UMKC,WAC,A,Drake,L,58,76,22,57,5,16,9,12,3,17,10,10,2,11,18,27,45,6,11,16,20,4,32,17,5,8,16,12
2019-11-08,South Dakota,Summit,N,Pacific,W,72,62,22,47,10,21,18,20,8,22,14,5,1,14,16,22,51,6,15,12,16,7,23,11,9,1,12,17
2019-11-10,South Dakota,Summit,A,Hawaii,W,81,75,26,55,5,14,24,29,4,30,11,6,4,9,17,28,58,8,19,11,16,3,28,14,4,6,10,23
2019-11-11,South Dakota,Summit,N,Florida A&amp;M,W,85,82,26,44,11,17,22,28,3,32,15,4,2,13,28,29,59,3,12,21,35,9,26,7,9,0,7,21
2019-11-05,Duke,ACC,N,Kansas,W,68,66,23,64,8,24,14,23,11,30,12,11,3,16,17,23,50,4,9,16,26,10,40,13,11,5,26,20
2019-11-08,Duke,ACC,H,Colorado State,W,89,55,37,69,4,22,11,18,8,40,14,12,6,9,19,18,55,5,21,14,22,6,32,5,5,0,17,17
2019-11-12,Duke,ACC,H,Central Arkansas,W,105,54,42,74,9,18,12,14,10,42,18,14,7,12,21,18,51,3,15,15,24,4,26,8,4,4,21,17
2019-11-06,UCSB,Big West,H,Jackson State,W,83,62,28,47,9,21,18,22,6,36,16,2,5,15,19,22,61,6,20,12,16,8,21,8,4,1,8,18
2019-11-10,UCSB,Big West,A,UCLA,L,61,77,23,50,7,22,8,9,5,23,13,5,4,14,22,26,60,6,12,19,27,15,37,11,5,3,8,15
2019-11-08,Richmond,A-10,H,Saint Francis (PA),W,100,98,35,68,13,29,17,24,7,31,22,8,6,8,18,35,72,14,28,14,22,13,41,12,5,2,10,19
2019-11-14,Richmond,A-10,H,Vanderbilt,W,93,92,32,70,9,28,20,23,8,31,16,11,1,11,15,33,66,15,35,11,16,8,37,15,7,5,16,21
2019-11-05,Temple,AAC,H,Drexel,W,70,62,28,65,5,15,9,13,8,39,14,11,5,11,14,24,69,6,30,8,11,15,42,17,9,6,14,14
2019-11-09,Temple,AAC,H,Morgan State,W,75,57,24,65,7,32,20,32,13,39,11,14,4,6,16,20,56,7,25,10,16,10,41,11,2,6,19,25
2019-11-06,Hofstra,CAA,H,San Jose State,L,71,79,29,68,8,29,5,7,7,31,12,6,0,8,17,31,66,7,22,10,14,14,46,16,6,3,11,14
2019-11-09,Hofstra,CAA,H,Monmouth,W,94,74,29,55,9,18,27,35,4,31,16,5,2,11,16,30,75,6,24,8,9,13,31,18,6,3,10,26
2019-11-13,Hofstra,CAA,A,Bucknell,L,71,86,24,63,6,19,17,27,10,30,9,9,5,10,16,31,67,15,28,9,11,12,42,19,5,7,14,22
2019-11-09,South Alabama,Sun Belt,H,Southern Miss,W,75,69,24,54,5,22,22,24,6,24,10,11,4,8,12,28,61,6,22,7,10,13,38,12,6,3,16,18
2019-11-12,South Alabama,Sun Belt,H,Auburn,L,69,70,26,59,6,15,11,17,12,38,11,8,3,9,21,24,54,10,24,12,22,10,33,13,3,5,11,16
2019-11-05,Appalachian State,Sun Belt,A,Michigan,L,71,79,26,57,4,13,15,22,5,30,9,9,0,18,23,29,61,9,25,12,19,11,32,15,8,6,17,18
2019-11-12,Appalachian State,Sun Belt,H,East Carolina,W,68,62,20,45,8,20,20,28,5,33,11,7,3,13,19,21,59,5,22,15,19,10,30,11,4,2,14,22
2019-11-06,Oklahoma State,Big 12,H,Oral Roberts,W,80,75,23,61,8,24,26,34,8,44,12,8,12,21,23,24,71,7,32,20,26,12,44,12,10,2,17,27
2019-11-09,Oklahoma State,Big 12,H,UMKC,W,69,51,28,58,2,10,11,16,9,36,8,5,6,9,12,17,48,6,21,11,16,2,21,9,6,5,12,19
2019-11-13,Oklahoma State,Big 12,A,College of Charleston,W,73,54,28,54,9,21,8,9,6,30,20,10,4,11,15,17,52,5,27,15,16,9,26,9,7,1,14,12
2019-11-12,Houston,AAC,H,Alabama State,W,84,56,33,64,9,22,9,14,11,40,15,5,2,13,20,17,49,7,21,15,23,1,16,7,5,0,12,16
2019-11-06,Mount St. Mary's,NEC,A,Georgetown,L,68,81,25,54,8,21,10,16,4,25,13,7,2,14,20,28,59,8,21,17,21,10,37,16,9,1,12,14
2019-11-12,Mount St. Mary's,NEC,A,Washington,L,46,56,16,55,7,22,7,13,10,29,7,6,1,14,16,22,53,5,18,7,14,10,33,16,7,11,15,14
2019-11-05,South Dakota State,Summit,H,Texas-Rio Grande Valley,W,70,57,27,59,4,17,12,21,9,48,14,4,1,11,16,21,70,3,13,12,17,9,35,4,5,5,8,21
2019-11-09,South Dakota State,Summit,A,Cal State Bakersfield,W,93,91,30,63,9,24,24,30,9,40,12,7,2,19,24,34,84,6,19,17,21,17,44,9,11,3,11,26
2019-11-12,South Dakota State,Summit,A,USC,L,66,84,23,60,8,31,12,16,9,36,13,7,1,18,26,27,68,9,28,21,30,14,42,11,12,3,11,15
2019-11-05,VMI,Southern,A,East Carolina,L,68,80,25,67,9,24,9,13,9,28,13,7,0,8,22,31,58,4,12,14,24,11,37,17,4,7,13,15
2019-11-08,VMI,Southern,H,Marist,L,56,58,22,57,9,31,3,8,5,35,15,6,2,11,15,22,58,4,16,10,13,7,34,9,6,5,10,8
2019-11-11,VMI,Southern,H,Presbyterian,L,77,80,27,64,14,36,9,11,8,34,20,6,5,10,12,29,63,10,21,12,20,12,37,12,8,3,12,14
2019-11-14,VMI,Southern,A,Arkansas State,L,56,71,19,48,7,24,11,21,7,25,10,8,0,12,16,29,50,3,9,10,14,5,33,21,6,2,13,15
2019-11-05,South Carolina State,MEAC,A,Memphis,L,64,97,21,58,8,25,14,18,5,20,9,2,1,18,20,36,66,6,20,19,21,12,42,21,8,10,13,21
2019-11-12,South Carolina State,MEAC,A,Liberty,L,39,65,14,52,5,17,6,7,4,27,4,9,0,13,10,27,61,9,22,2,6,13,43,14,7,3,11,10
2019-11-05,Western Illinois,Summit,A,Indiana,L,65,98,22,64,7,24,14,15,9,27,9,6,3,12,20,38,65,5,11,17,25,14,45,18,6,6,11,12
2019-11-09,Western Illinois,Summit,H,Stetson,L,75,77,24,63,13,33,14,15,6,24,14,4,2,5,19,26,51,9,20,16,26,7,36,9,4,3,13,18
2019-11-13,Western Illinois,Summit,H,UT-Martin,L,91,98,34,71,10,25,13,18,10,33,13,3,2,4,19,36,71,8,23,18,24,12,40,6,3,3,5,16
2019-11-05,Western Kentucky,CUSA,H,Tennessee Tech,W,76,64,26,52,5,15,19,26,8,30,12,8,4,15,9,26,57,8,26,4,6,9,26,12,8,2,19,21
2019-11-09,Western Kentucky,CUSA,H,Austin Peay,W,97,75,30,50,11,21,26,29,10,33,17,4,5,16,17,27,68,4,21,17,23,15,22,12,7,2,8,25
2019-11-12,North Dakota,Summit,A,Gonzaga,L,66,97,25,72,7,31,9,11,8,27,8,6,0,5,15,41,71,7,16,8,14,12,50,17,1,8,10,12
2019-11-08,UConn,AAC,H,Sacred Heart,W,89,67,34,75,5,19,16,22,14,38,16,10,9,11,24,19,63,4,23,25,26,16,41,8,2,1,24,21
2019-11-13,UConn,AAC,H,St. Joseph's,L,87,96,22,63,14,29,29,38,10,43,7,5,7,13,23,32,70,13,33,19,33,9,39,14,9,4,9,25
2019-11-05,Loyola (MD),Patriot,A,Marquette,L,53,88,20,65,4,18,9,22,8,27,12,11,2,9,18,30,58,14,23,14,20,8,43,18,4,11,21,21
2019-11-09,Loyola (MD),Patriot,A,Chicago State,W,98,85,32,63,11,31,23,29,7,31,22,6,2,10,24,27,56,6,16,25,35,6,30,12,6,2,16,23
2019-11-13,Loyola (MD),Patriot,A,Old Dominion,L,53,62,21,50,5,19,6,10,6,29,12,7,8,21,15,25,62,4,16,8,11,14,36,14,12,6,13,13
2019-11-05,UC-Irvine,Big West,A,San Diego,W,76,73,25,53,2,11,24,27,9,35,13,5,2,16,22,23,59,8,23,19,24,10,24,11,8,5,13,16
2019-11-09,UC-Irvine,Big West,A,Pepperdine,L,73,77,26,56,5,16,16,24,11,36,16,8,2,13,20,24,56,9,23,20,25,7,30,18,5,2,11,19
2019-11-08,Arkansas State,Sun Belt,A,Ole Miss,L,43,71,15,46,6,19,7,12,1,20,12,11,2,23,19,25,56,8,26,13,20,9,33,16,14,3,14,20
2019-11-14,Arkansas State,Sun Belt,H,VMI,W,71,56,29,50,3,9,10,14,5,33,21,6,2,13,15,19,48,7,24,11,21,7,25,10,8,0,12,16
2019-11-05,Texas Southern,SWAC,A,San Diego State,L,42,77,14,62,4,19,10,14,12,36,6,3,3,17,20,28,72,9,24,12,26,20,54,12,10,5,14,19
2019-11-09,Texas Southern,SWAC,A,Wichita State,L,63,69,21,55,4,15,17,27,8,32,7,4,8,19,28,16,66,3,16,34,42,13,41,6,10,7,8,23
2019-11-10,Abilene Christian,Southland,A,Drexel,L,83,86,30,65,9,25,14,20,3,18,13,12,2,8,26,27,52,8,20,24,32,8,39,15,4,5,22,17
2019-11-05,Eastern Illinois,OVC,A,Texas Tech,L,60,85,23,57,6,16,8,13,5,28,10,5,1,14,20,32,58,8,14,13,19,4,33,15,7,5,13,16
2019-11-08,Eastern Illinois,OVC,A,Wisconsin,L,52,65,21,63,7,19,3,8,10,33,9,6,4,11,22,21,55,3,18,20,24,12,41,7,6,12,11,13
2019-11-12,Eastern Illinois,OVC,H,Chicago State,W,98,34,35,72,9,23,19,23,13,45,29,12,3,10,18,11,47,1,13,11,18,2,29,4,4,4,26,18
2019-11-05,Sacred Heart,NEC,A,Providence,L,60,106,19,59,6,20,16,23,10,30,10,4,4,18,12,39,76,16,34,12,16,16,45,31,13,10,7,20
2019-11-08,Sacred Heart,NEC,A,UConn,L,67,89,19,63,4,23,25,26,16,41,8,2,1,24,21,34,75,5,19,16,22,14,38,16,10,9,11,24
2019-11-06,South Carolina,SEC,H,North Alabama,W,77,55,28,57,2,9,19,36,9,36,13,8,5,20,26,15,61,2,21,23,33,13,35,7,7,6,18,30
2019-11-10,South Carolina,SEC,H,Wyoming,W,66,32,25,59,9,27,7,12,9,39,14,9,5,10,20,9,39,4,17,10,18,3,21,5,2,2,14,12
2019-11-09,Louisiana-Monroe,Sun Belt,H,Alcorn State,W,73,72,28,52,2,11,15,25,5,34,12,5,3,14,12,28,73,9,23,7,8,12,33,11,8,1,12,21
2019-11-11,Louisiana-Monroe,Sun Belt,A,Texas A&amp;M,L,57,63,23,55,8,28,3,5,9,33,12,9,7,20,17,23,54,5,12,12,21,10,31,9,8,4,13,7
2019-11-14,Louisiana-Monroe,Sun Belt,A,Mississippi State,L,45,62,18,51,5,16,4,12,11,31,9,4,2,17,23,20,49,3,12,19,30,11,36,11,7,4,13,18
2019-11-05,Omaha,Summit,A,Wichita State,L,54,68,22,56,5,19,5,10,4,35,10,4,2,13,10,26,71,11,31,5,12,13,41,15,8,7,7,14
2019-11-11,Omaha,Summit,H,Bethune-Cookman,W,90,61,35,59,5,12,15,23,9,41,16,7,6,16,17,21,61,6,20,13,19,7,28,12,8,2,16,21
2019-11-13,Omaha,Summit,A,Colorado State,L,65,80,23,65,11,27,8,9,10,36,12,2,3,10,22,29,61,10,22,12,19,9,41,18,4,4,9,15
2019-11-06,Illinois State,MVC,H,Belmont,W,79,72,30,63,13,26,6,13,9,34,16,7,5,8,13,28,60,7,25,9,13,7,34,16,5,3,10,14
2019-11-10,Illinois State,MVC,H,Little Rock,W,75,70,24,51,10,24,17,24,8,25,14,4,4,15,16,27,53,6,19,10,12,4,24,13,9,4,15,19
2019-11-05,Michigan,Big Ten,H,Appalachian State,W,79,71,29,61,9,25,12,19,11,32,15,8,6,17,18,26,57,4,13,15,22,5,30,9,9,0,18,23
2019-11-12,Michigan,Big Ten,H,Creighton,W,79,69,30,53,9,23,10,12,3,24,16,3,6,11,7,31,73,7,20,0,2,15,33,15,6,1,7,12
2019-11-05,Miami (FL),ACC,H,Louisville,L,74,87,30,69,10,24,4,11,11,30,12,6,4,10,13,34,63,9,19,10,14,10,38,14,8,4,12,17
2019-11-08,Miami (FL),ACC,H,Florida Atlantic,W,74,60,30,66,5,18,9,14,8,31,13,8,3,5,10,23,66,6,22,8,12,15,41,11,4,7,14,14
2019-11-12,Miami (FL),ACC,A,UCF,W,79,70,29,62,5,20,16,22,9,29,16,7,2,9,16,29,62,7,24,5,12,15,39,14,4,3,17,18
2019-11-05,Bradley,MVC,A,St. Joseph's,L,81,86,30,77,9,20,12,15,16,38,17,7,6,14,28,26,62,6,31,28,32,9,28,17,7,5,16,14
2019-11-09,Bradley,MVC,H,IUPUI,W,90,56,32,67,9,27,17,22,15,43,19,4,2,7,15,19,54,7,24,11,17,6,28,10,4,2,15,18
2019-11-09,Wofford,Southern,H,High Point,W,89,61,28,58,15,37,18,21,6,24,19,8,7,4,22,17,48,6,15,21,26,8,28,11,2,3,11,20
2019-11-12,Wofford,Southern,H,William &amp; Mary,L,79,80,28,62,10,23,13,13,9,21,10,3,1,6,11,31,55,12,26,6,7,6,28,16,4,3,10,17
2019-11-08,North Texas,CUSA,A,VCU,L,56,59,21,52,8,25,6,8,9,28,11,5,2,14,20,17,46,10,26,15,20,8,25,10,10,5,18,15
2019-11-12,North Texas,CUSA,A,Arkansas,L,43,66,17,51,2,17,7,12,9,31,8,3,0,16,22,20,45,6,22,20,24,4,23,8,11,5,10,15
2019-11-05,Binghamton,AEC,A,Cornell,L,64,84,24,58,9,25,7,10,6,23,12,4,4,12,17,32,62,7,21,13,15,6,32,20,10,5,6,15
2019-11-10,Binghamton,AEC,A,Michigan State,L,47,100,18,60,9,30,2,10,9,25,11,2,0,19,19,38,74,7,25,17,20,11,37,25,7,7,4,13
2019-11-13,Binghamton,AEC,A,Columbia,L,63,75,22,55,7,23,12,17,7,31,8,5,6,13,16,27,59,11,25,10,17,7,34,14,5,4,12,13
2019-11-09,Boise State,MWC,A,Oregon,L,75,106,27,63,6,23,15,23,12,25,14,5,1,13,13,42,60,13,19,9,13,2,32,27,9,2,12,23
2019-11-05,Purdue-Fort Wayne,Summit,A,UNLV,L,71,86,28,58,6,22,9,13,2,18,12,10,4,11,21,28,54,7,19,23,28,9,39,17,3,4,14,16
2019-11-10,Purdue-Fort Wayne,Summit,A,Southeast Missouri State,L,78,79,26,64,10,31,16,22,13,39,15,2,0,15,26,25,56,8,17,21,30,6,32,16,5,0,10,20
2019-11-13,Purdue-Fort Wayne,Summit,H,Miami (OH),L,80,84,26,51,10,23,18,24,7,30,13,4,1,19,18,31,64,8,26,14,18,9,28,16,7,3,12,18
2019-11-05,Yale,Ivy,A,Stony Brook,W,74,69,27,70,9,26,11,19,11,43,16,8,7,12,18,21,68,6,23,21,26,13,46,10,6,9,16,16
2019-11-11,Yale,Ivy,A,San Francisco,L,79,84,24,63,10,27,21,28,5,33,10,5,4,7,20,29,70,8,29,18,23,11,45,11,6,2,10,17
2019-11-08,Buffalo,MAC,H,Dartmouth,L,63,68,24,68,10,35,5,13,13,37,14,9,2,16,19,27,59,4,16,10,15,7,37,15,8,3,16,19
2019-11-06,Northwestern State,Southland,A,Texas A&amp;M,L,63,77,25,73,9,38,4,7,18,37,14,5,1,13,23,28,50,4,15,17,28,8,38,15,4,4,14,11
2019-11-12,Northwestern State,Southland,H,Rice,L,74,80,23,54,8,20,20,24,3,32,7,5,3,14,22,24,60,14,35,18,24,8,34,18,10,5,12,21
2019-11-05,Valparaiso,MVC,H,Toledo,W,79,77,31,71,6,21,11,14,15,34,20,10,3,14,19,26,53,11,28,14,17,6,27,16,7,3,20,19
2019-11-09,Valparaiso,MVC,A,Saint Louis,L,70,81,21,47,8,17,20,35,9,31,15,6,5,19,25,31,64,4,13,15,26,13,35,15,11,3,16,26
2019-11-12,Valparaiso,MVC,A,SIU-Edwardsville,W,89,76,29,61,7,20,24,30,12,40,16,6,2,14,16,32,68,4,18,8,16,10,32,17,9,2,12,23
2019-11-05,Nebraska,Big Ten,H,UC-Riverside,L,47,66,16,55,6,26,9,19,9,28,12,6,6,11,11,23,55,12,25,8,9,11,46,12,8,2,16,18
2019-11-09,Nebraska,Big Ten,H,Southern Utah,L,78,79,27,73,5,26,19,29,8,40,15,9,5,13,17,31,76,4,23,13,21,13,52,10,7,7,16,23
2019-11-06,North Alabama,A-Sun,A,South Carolina,L,55,77,15,61,2,21,23,33,13,35,7,7,6,18,30,28,57,2,9,19,36,9,36,13,8,5,20,26
2019-11-12,North Alabama,A-Sun,A,Indiana,L,65,91,19,44,7,14,20,27,4,21,7,9,0,21,31,23,46,8,21,37,45,7,27,12,6,9,13,23
2019-11-08,Dartmouth,Ivy,A,Buffalo,W,68,63,27,59,4,16,10,15,7,37,15,8,3,16,19,24,68,10,35,5,13,13,37,14,9,2,16,19
2019-11-11,Dartmouth,Ivy,H,Florida Gulf Coast,W,55,49,20,54,8,26,7,13,7,33,9,5,4,12,14,17,50,7,25,8,12,5,33,12,4,1,13,15
2019-11-05,Lehigh,Patriot,H,Monmouth,L,62,66,24,60,8,17,6,9,9,36,11,6,3,17,16,24,59,8,19,10,16,8,35,16,7,6,16,12
2019-11-09,Lehigh,Patriot,A,Albany (NY),W,74,70,30,59,4,16,10,15,4,29,17,6,7,15,24,19,58,8,29,24,31,9,32,11,5,0,15,17
2019-11-09,Georgia State,Sun Belt,A,College of Charleston,L,80,84,26,59,5,16,23,30,12,36,9,7,2,19,28,25,53,10,26,24,29,5,22,11,9,4,15,22
2019-11-05,Villanova,Big East,H,Army,W,97,54,36,69,12,30,13,16,12,50,22,9,4,17,14,20,64,7,30,7,10,4,22,11,9,3,17,16
2019-11-13,Villanova,Big East,A,Ohio State,L,51,76,19,62,10,30,3,7,8,26,10,0,4,12,16,30,50,9,16,7,12,2,34,18,6,6,10,11
2019-11-10,Detroit,Horizon,A,NC State,L,65,84,24,60,5,25,12,20,6,32,8,6,3,13,15,29,61,10,29,16,21,4,27,20,5,7,11,22
2019-11-05,DePaul,Big East,H,Alcorn State,W,72,54,29,58,7,20,7,15,7,36,12,11,5,17,21,17,66,3,24,17,21,17,40,6,9,1,17,14
2019-11-08,DePaul,Big East,H,Fairleigh Dickinson,W,70,59,24,54,7,18,15,28,11,30,13,10,4,12,17,22,48,5,14,10,14,7,29,9,4,4,21,21
2019-11-11,DePaul,Big East,A,Iowa,W,93,78,35,57,11,20,12,20,5,30,20,12,8,19,25,24,56,6,18,24,32,7,26,12,10,2,19,16
2019-11-05,Maryland-Eastern Shore,MEAC,A,Penn State,L,46,84,18,54,4,19,6,13,7,26,8,7,1,19,22,29,58,12,31,14,24,13,38,19,10,11,15,17
2019-11-10,Maryland-Eastern Shore,MEAC,A,Liberty,L,55,66,21,49,4,13,9,13,7,24,5,7,1,13,13,26,50,8,24,6,10,8,30,15,8,2,12,10
2019-11-12,Maryland-Eastern Shore,MEAC,A,Longwood,L,55,85,21,55,5,25,8,15,8,25,9,7,4,15,18,30,52,14,22,11,17,3,26,16,8,0,13,16
2019-11-05,Wagner,NEC,A,Seton Hall,L,71,105,25,61,5,23,16,26,12,35,12,4,0,19,26,37,60,9,24,22,32,6,36,20,14,5,10,25
2019-11-09,Wagner,NEC,A,Penn State,L,64,91,24,59,5,18,11,20,6,32,10,4,1,18,28,30,65,11,30,20,33,10,38,16,9,2,12,19
2019-11-08,Bowling Green State,MAC,A,LSU,L,79,88,24,75,14,35,17,21,14,39,12,11,0,9,23,27,57,7,18,27,34,8,44,11,3,8,16,18
2019-11-11,Bowling Green State,MAC,N,Jacksonville,W,75,59,27,62,10,27,11,11,5,34,16,8,4,9,19,16,50,7,19,20,27,8,34,10,2,0,16,12
2019-11-05,Old Dominion,CUSA,A,Northern Iowa,L,53,58,21,59,3,12,8,15,10,41,5,12,1,14,24,19,55,6,31,14,24,10,37,9,4,3,14,14
2019-11-10,Old Dominion,CUSA,H,St. Joseph's,W,82,69,26,66,8,17,22,34,16,50,11,8,8,12,18,22,68,15,37,10,19,10,35,17,4,2,13,24
2019-11-13,Old Dominion,CUSA,H,Loyola (MD),W,62,53,25,62,4,16,8,11,14,36,14,12,6,13,13,21,50,5,19,6,10,6,29,12,7,8,21,15
2019-11-08,Delaware State,MEAC,H,Rider,L,54,81,20,62,6,29,8,13,4,26,8,6,0,11,14,30,58,8,20,13,21,9,45,14,4,2,14,16
2019-11-12,Delaware State,MEAC,A,Manhattan,L,74,85,22,47,7,18,23,32,5,32,13,6,3,25,28,24,59,8,33,29,37,10,32,17,16,4,15,25
2019-11-05,Hartford,AEC,A,Central Connecticut,W,74,59,26,56,10,26,12,15,2,28,18,7,2,14,18,22,52,5,14,10,19,6,34,15,9,3,19,17
2019-11-07,Hartford,AEC,H,Winthrop,L,57,67,20,54,5,18,12,19,6,32,12,5,6,13,20,26,71,8,28,7,16,18,42,17,7,2,11,18
2019-11-12,Hartford,AEC,A,Marist,W,62,51,24,48,10,24,4,8,5,32,11,4,1,11,18,19,60,4,17,9,18,16,36,4,5,2,10,14
2019-11-06,Missouri,SEC,H,Incarnate Word,W,82,42,28,63,7,31,19,29,12,45,16,9,8,14,19,15,56,2,12,10,19,6,33,7,4,0,20,20
2019-11-08,Missouri,SEC,H,Northern Kentucky,W,71,56,25,55,6,19,15,17,9,38,14,6,3,12,14,22,59,8,29,4,6,5,24,13,6,1,10,19
2019-11-12,Missouri,SEC,A,Xavier,L,58,63,20,60,6,25,12,15,7,38,8,8,4,20,20,20,61,3,21,20,27,8,40,6,6,2,16,16
2019-11-08,Pacific,WCC,N,South Dakota,L,62,72,22,51,6,15,12,16,7,23,11,9,1,12,17,22,47,10,21,18,20,8,22,14,5,1,14,16
2019-11-10,Pacific,WCC,N,Florida A&amp;M,W,76,54,31,59,6,18,8,18,12,38,14,9,2,9,17,18,46,5,17,13,22,3,18,8,3,1,15,16
2019-11-11,Pacific,WCC,A,Hawaii,L,67,72,26,53,7,19,8,9,7,25,10,4,2,9,17,23,48,10,23,16,17,5,18,14,6,2,7,11
2019-11-09,UT-Martin,OVC,H,ETSU,L,75,92,27,67,8,27,13,18,14,25,13,4,2,15,19,35,56,10,20,12,20,10,36,20,8,7,19,25
2019-11-13,UT-Martin,OVC,A,Western Illinois,W,98,91,36,71,8,23,18,24,12,40,6,3,3,5,16,34,71,10,25,13,18,10,33,13,3,2,4,19
2019-11-13,Grambling,SWAC,A,Southeastern Louisiana,W,81,70,26,55,3,10,26,36,10,35,14,8,2,15,23,26,59,6,22,12,20,9,32,12,5,4,17,26
2019-11-05,Rice,CUSA,A,Arkansas,L,43,91,16,56,2,25,9,15,4,23,7,9,2,24,16,37,67,10,25,7,11,7,42,19,14,5,21,16
2019-11-09,Rice,CUSA,H,Penn,W,80,61,29,65,10,26,12,14,10,46,14,4,8,12,13,25,65,3,22,8,15,5,30,7,5,4,9,11
2019-11-12,Rice,CUSA,A,Northwestern State,W,80,74,24,60,14,35,18,24,8,34,18,10,5,12,21,23,54,8,20,20,24,3,32,7,5,3,14,22
2019-11-05,Monmouth,MAAC,A,Lehigh,W,66,62,24,59,8,19,10,16,8,35,16,7,6,16,12,24,60,8,17,6,9,9,36,11,6,3,17,16
2019-11-09,Monmouth,MAAC,A,Hofstra,L,74,94,30,75,6,24,8,9,13,31,18,6,3,10,26,29,55,9,18,27,35,4,31,16,5,2,11,16
2019-11-13,Monmouth,MAAC,A,Kansas State,L,54,73,19,48,6,18,10,12,8,28,11,6,2,25,19,26,56,4,19,17,24,9,31,17,17,0,13,13
2019-11-05,Florida,SEC,H,North Florida,W,74,59,29,69,3,15,13,18,18,43,15,7,3,10,16,21,57,11,34,6,10,10,32,13,3,0,18,18
2019-11-10,Florida,SEC,H,Florida State,L,51,63,14,50,4,22,19,24,8,32,6,3,4,13,19,20,55,5,17,18,23,9,35,11,8,5,9,17
2019-11-14,Florida,SEC,H,Towson,W,66,60,23,55,7,22,13,20,7,27,13,3,1,8,13,21,48,6,19,12,16,5,29,10,5,3,12,20
2019-11-05,Marquette,Big East,H,Loyola (MD),W,88,53,30,58,14,23,14,20,8,43,18,4,11,21,21,20,65,4,18,9,22,8,27,12,11,2,9,18
2019-11-13,Marquette,Big East,H,Purdue,W,65,55,20,52,7,25,18,24,8,37,13,3,5,9,19,20,59,6,24,9,21,11,33,14,4,4,9,22
2019-11-05,Alcorn State,SWAC,A,DePaul,L,54,72,17,66,3,24,17,21,17,40,6,9,1,17,14,29,58,7,20,7,15,7,36,12,11,5,17,21
2019-11-09,Alcorn State,SWAC,A,Louisiana-Monroe,L,72,73,28,73,9,23,7,8,12,33,11,8,1,12,21,28,52,2,11,15,25,5,34,12,5,3,14,12
2019-11-05,Northern Colorado,Big Sky,A,Texas,L,45,69,15,55,2,21,13,22,11,34,3,4,2,15,9,29,64,7,27,4,5,10,36,9,4,4,15,19
2019-11-08,Northern Colorado,Big Sky,H,Incarnate Word,W,83,61,28,55,14,32,13,15,7,35,20,4,3,10,15,22,56,5,15,12,16,5,21,5,4,0,8,20
2019-11-08,Delaware,CAA,N,Oakland,W,56,53,20,57,10,27,6,13,9,37,17,5,4,15,20,19,51,3,12,12,22,7,36,11,10,5,13,14
2019-11-09,Delaware,CAA,N,Southern Illinois,W,56,54,21,54,6,24,8,14,8,31,11,8,1,11,16,20,50,5,17,9,12,6,32,12,4,1,12,14
2019-11-10,Delaware,CAA,N,UTSA,W,91,79,29,56,13,25,20,26,5,31,8,0,1,17,21,28,64,12,31,11,17,6,28,16,8,2,9,24
2019-11-08,Iowa,Big Ten,H,SIU-Edwardsville,W,87,60,26,56,8,25,27,32,7,31,17,9,4,12,8,26,62,4,18,4,4,6,28,11,6,3,16,25
2019-11-11,Iowa,Big Ten,H,DePaul,L,78,93,24,56,6,18,24,32,7,26,12,10,2,19,16,35,57,11,20,12,20,5,30,20,12,8,19,25
2019-11-05,San Diego,WCC,H,UC-Irvine,L,73,76,23,59,8,23,19,24,10,24,11,8,5,13,16,25,53,2,11,24,27,9,35,13,5,2,16,22
2019-11-09,San Diego,WCC,A,Long Beach State,L,62,74,21,54,6,21,14,20,11,35,8,3,2,29,19,28,62,6,16,12,16,8,31,9,10,1,17,21
2019-11-12,San Diego,WCC,H,Fresno State,W,72,66,24,62,7,24,17,22,6,35,17,8,3,12,20,23,64,6,30,14,21,12,42,11,5,3,17,21
2019-11-14,San Diego,WCC,A,Weber State,W,71,56,28,56,8,20,7,9,3,29,13,10,0,10,13,24,62,3,18,5,10,10,34,6,3,1,14,12
2019-11-08,Davidson,A-10,N,Auburn,L,66,76,18,55,10,28,20,23,8,28,11,8,0,15,27,24,50,6,24,22,35,6,34,11,3,5,14,21
2019-11-12,Davidson,A-10,A,Charlotte,L,58,71,25,54,7,22,1,2,2,22,9,8,0,11,17,26,52,4,12,15,20,8,33,11,8,3,11,10
2019-11-05,Nicholls State,Southland,A,Illinois,L,70,78,27,66,8,20,8,9,3,18,13,11,4,16,29,27,61,5,19,19,29,17,50,12,6,2,22,17
2019-11-09,Nicholls State,Southland,A,Pitt,W,75,70,27,65,11,24,10,13,16,32,14,11,5,17,19,28,56,4,16,10,18,13,34,12,7,8,20,12
2019-11-05,UNC Asheville,Big South,A,Tennessee,L,63,78,24,64,5,21,10,14,9,26,4,13,3,14,18,33,65,6,17,6,12,16,44,19,5,7,17,17
2019-11-09,UNC Asheville,Big South,A,Citadel,W,91,76,33,58,11,23,14,20,12,36,14,6,0,16,21,27,51,9,15,13,23,6,23,16,6,3,19,19
2019-11-13,UNC Asheville,Big South,A,Wake Forest,L,79,98,25,53,6,19,23,30,4,18,9,7,3,11,30,33,47,4,8,28,40,7,33,23,3,2,17,23
2019-11-05,NC State,ACC,H,Georgia Tech,L,81,82,27,71,7,16,20,23,15,38,13,5,6,12,19,30,60,6,20,16,22,7,32,18,9,8,16,22
2019-11-10,NC State,ACC,H,Detroit,W,84,65,29,61,10,29,16,21,4,27,20,5,7,11,22,24,60,5,25,12,20,6,32,8,6,3,13,15
2019-11-13,NC State,ACC,H,Florida International,W,86,77,31,69,6,23,18,28,17,31,11,8,4,12,17,26,51,10,23,15,20,5,28,12,8,7,21,23
2019-11-09,Texas-Arlington,Sun Belt,H,Tulsa,W,73,59,24,60,9,34,16,17,11,38,16,4,5,9,19,19,62,5,22,16,23,13,35,9,1,2,10,18
2019-11-12,Texas-Arlington,Sun Belt,A,Nevada,L,73,80,22,64,11,36,18,27,9,34,13,6,3,13,25,27,58,10,21,16,30,8,41,18,5,6,16,21
2019-11-05,Houston Baptist,Southland,A,Tulsa,L,72,80,24,67,9,29,15,18,16,40,9,7,2,16,20,28,62,3,14,21,27,9,36,12,12,2,11,16
2019-11-08,Houston Baptist,Southland,A,Oral Roberts,L,81,95,28,71,9,26,16,23,8,33,13,6,4,16,16,34,78,9,29,18,26,13,47,17,10,4,16,21
2019-11-13,Houston Baptist,Southland,N,Texas Tech,L,74,103,26,66,10,26,12,18,11,27,12,9,2,18,20,40,67,7,15,16,24,13,44,27,12,5,23,20
2019-11-08,Northern Kentucky,Horizon,A,Missouri,L,56,71,22,59,8,29,4,6,5,24,13,6,1,10,19,25,55,6,19,15,17,9,38,14,6,3,12,14
2019-11-12,Northern Kentucky,Horizon,A,Coastal Carolina,W,69,68,25,54,10,26,9,16,7,29,16,10,3,14,23,21,54,5,17,21,28,11,32,9,5,1,12,17
2019-11-05,Army,Patriot,A,Villanova,L,54,97,20,64,7,30,7,10,4,22,11,9,3,17,16,36,69,12,30,13,16,12,50,22,9,4,17,14
2019-11-12,Army,Patriot,H,Air Force,L,57,69,24,58,5,27,4,10,3,32,14,7,1,14,18,23,56,9,25,14,18,4,34,11,9,2,13,10
2019-11-06,Wake Forest,ACC,A,Boston College,L,70,77,26,62,5,14,13,17,11,40,12,2,1,17,23,27,62,6,18,17,27,7,30,13,9,3,6,20
2019-11-10,Wake Forest,ACC,H,Columbia,W,65,63,22,62,2,10,19,29,10,44,8,3,1,13,15,25,63,6,26,7,9,3,38,10,8,5,11,24
2019-11-13,Wake Forest,ACC,H,UNC Asheville,W,98,79,33,47,4,8,28,40,7,33,23,3,2,17,23,25,53,6,19,23,30,4,18,9,7,3,11,30
2019-11-05,California,Pac-12,H,Pepperdine,W,87,71,31,54,10,19,15,18,5,35,12,4,1,12,13,26,70,10,29,9,9,10,28,16,3,4,9,14
2019-11-12,California,Pac-12,H,UNLV,W,79,75,29,57,8,21,13,19,7,24,11,5,7,10,16,30,62,7,15,8,12,9,30,10,2,3,12,22
2019-11-11,Kent State,MAC,A,Towson,W,84,80,28,66,9,27,19,24,9,38,11,7,8,7,24,25,68,6,25,24,30,10,33,8,4,3,8,22
2019-11-08,Portland,WCC,A,USC,L,65,76,23,56,13,28,6,9,8,26,12,11,3,16,12,30,61,10,20,6,10,16,40,21,8,2,20,13
2019-11-10,Portland,WCC,A,San Jose State,W,72,57,26,54,9,20,11,15,3,28,19,6,2,14,18,23,58,6,26,5,16,6,30,13,6,3,13,14
2019-11-05,Towson,CAA,H,George Washington,W,72,58,29,63,7,12,7,9,10,34,14,8,0,10,17,19,50,8,27,12,17,5,29,10,4,1,13,11
2019-11-11,Towson,CAA,H,Kent State,L,80,84,25,68,6,25,24,30,10,33,8,4,3,8,22,28,66,9,27,19,24,9,38,11,7,8,7,24
2019-11-14,Towson,CAA,A,Florida,L,60,66,21,48,6,19,12,16,5,29,10,5,3,12,20,23,55,7,22,13,20,7,27,13,3,1,8,13
2019-11-09,Indiana State,MVC,A,Dayton,L,81,86,27,57,6,15,21,27,7,36,10,5,1,11,24,29,60,7,27,21,30,9,31,18,5,5,9,19
2019-11-13,Indiana State,MVC,A,Louisville,L,62,91,19,56,10,26,14,17,8,21,10,7,1,10,20,31,53,9,17,20,25,11,42,16,3,3,15,20
2019-11-05,Fairfield,MAAC,H,Bucknell,L,64,68,24,59,2,12,14,20,10,37,9,3,3,12,16,22,55,10,23,14,17,4,30,14,4,5,13,20
2019-11-09,Fairfield,MAAC,H,UMass,L,60,62,21,50,6,17,12,16,6,32,13,8,1,10,17,23,48,6,16,10,17,4,29,10,6,1,10,16
2019-11-12,Fairfield,MAAC,A,Holy Cross,W,68,63,25,54,5,17,13,19,7,32,8,9,7,12,10,23,61,10,28,7,10,11,32,14,6,5,15,17
2019-11-05,UC-Davis,Big West,A,Loyola (IL),L,48,82,21,57,3,17,3,8,5,24,9,3,3,14,12,35,63,4,16,8,10,5,36,20,7,1,8,11
2019-11-14,UC-Davis,Big West,N,Idaho,W,65,64,25,53,8,21,7,9,6,26,15,6,2,15,17,22,53,3,16,17,21,11,34,12,7,2,14,14
2019-11-09,Southern,SWAC,A,Murray State,L,49,69,19,61,3,22,8,11,8,26,6,9,8,13,28,22,48,3,16,22,32,9,42,13,5,5,21,16
2019-11-14,Southern,SWAC,A,New Mexico State,L,63,79,22,50,7,12,12,16,7,23,4,7,1,15,34,22,46,8,22,27,39,11,29,14,6,1,13,18
2019-11-06,Oral Roberts,Summit,A,Oklahoma State,L,75,80,24,71,7,32,20,26,12,44,12,10,2,17,27,23,61,8,24,26,34,8,44,12,8,12,21,23
2019-11-08,Oral Roberts,Summit,H,Houston Baptist,W,95,81,34,78,9,29,18,26,13,47,17,10,4,16,21,28,71,9,26,16,23,8,33,13,6,4,16,16
2019-11-12,Oral Roberts,Summit,A,Tulsa,L,67,74,22,67,10,35,13,19,12,35,13,10,1,11,24,27,53,4,13,16,27,8,43,16,7,4,16,16
2019-11-05,Texas,Big 12,H,Northern Colorado,W,69,45,29,64,7,27,4,5,10,36,9,4,4,15,19,15,55,2,21,13,22,11,34,3,4,2,15,9
2019-11-09,Texas,Big 12,A,Purdue,W,70,66,24,45,9,22,13,16,4,23,18,6,6,14,14,25,61,8,16,8,12,12,31,12,8,2,13,19
2019-11-12,Texas,Big 12,H,California Baptist,W,67,54,26,60,6,24,9,14,11,37,10,11,6,13,14,20,58,8,23,6,16,8,30,7,3,1,16,10
2019-11-05,Creighton,Big East,H,Kennesaw State,W,81,55,33,63,12,25,3,8,8,41,16,9,6,15,13,22,59,3,20,8,13,7,33,9,5,2,17,14
2019-11-12,Creighton,Big East,A,Michigan,L,69,79,31,73,7,20,0,2,15,33,15,6,1,7,12,30,53,9,23,10,12,3,24,16,3,6,11,7
2019-11-09,Miami (OH),MAC,H,Wright State,L,81,88,30,65,10,24,11,15,7,32,12,6,8,14,23,35,75,6,18,12,20,17,47,8,8,4,13,18
2019-11-13,Miami (OH),MAC,A,Purdue-Fort Wayne,W,84,80,31,64,8,26,14,18,9,28,16,7,3,12,18,26,51,10,23,18,24,7,30,13,4,1,19,18
2019-11-09,San Francisco,WCC,N,Princeton,W,82,72,31,68,7,23,13,17,16,44,10,3,2,10,21,26,58,7,18,13,21,9,32,7,6,3,11,16
2019-11-11,San Francisco,WCC,H,Yale,W,84,79,29,70,8,29,18,23,11,45,11,6,2,10,17,24,63,10,27,21,28,5,33,10,5,4,7,20
2019-11-09,Citadel,Southern,H,UNC Asheville,L,76,91,27,51,9,15,13,23,6,23,16,6,3,19,19,33,58,11,23,14,20,12,36,14,6,0,16,21
2019-11-12,Citadel,Southern,A,Georgia,L,86,95,30,61,14,33,12,18,5,39,20,3,1,22,23,33,72,7,29,22,31,8,34,18,13,3,8,17
2019-11-05,Gardner-Webb,Big South,H,Furman,L,63,70,22,57,10,24,9,14,11,34,18,6,7,16,18,25,54,6,25,14,18,7,30,12,7,4,12,14
2019-11-09,Gardner-Webb,Big South,A,Western Carolina,L,59,71,24,57,2,11,9,14,10,34,6,5,4,22,32,21,55,9,30,20,32,12,35,12,7,2,14,17
2019-11-12,New Mexico State,WAC,A,UTEP,L,50,65,21,57,6,26,2,11,13,36,9,5,0,15,17,23,49,3,13,16,21,5,31,10,8,3,11,16
2019-11-14,New Mexico State,WAC,H,Southern,W,79,63,22,46,8,22,27,39,11,29,14,6,1,13,18,22,50,7,12,12,16,7,23,4,7,1,15,34
2019-11-07,Winthrop,Big South,A,Hartford,W,67,57,26,71,8,28,7,16,18,42,17,7,2,11,18,20,54,5,18,12,19,6,32,12,5,6,13,20
2019-11-10,Winthrop,Big South,A,Fresno State,L,74,77,28,63,13,34,5,9,8,24,15,3,2,8,18,25,52,11,24,16,20,8,36,11,5,3,14,18
2019-11-11,Winthrop,Big South,A,Saint Mary's,W,61,59,26,56,5,19,4,10,7,31,6,2,2,13,18,21,52,5,17,12,18,6,31,7,6,4,14,19
2019-11-14,Winthrop,Big South,A,ETSU,L,58,61,25,54,5,17,3,9,10,30,12,6,2,14,19,21,50,7,21,12,23,10,30,13,7,6,11,13
2019-11-05,Kansas,Big 12,N,Duke,L,66,68,23,50,4,9,16,26,10,40,13,11,5,26,20,23,64,8,24,14,23,11,30,12,11,3,16,17
2019-11-08,Kansas,Big 12,H,UNC Greensboro,W,74,62,27,59,10,26,10,19,10,40,15,5,2,10,12,24,62,8,31,6,13,8,32,11,5,3,9,18
2019-11-06,Maine,AEC,H,Merrimack,W,84,64,28,50,6,18,22,27,9,34,21,4,6,13,15,22,64,6,29,14,17,14,26,8,7,1,10,22
2019-11-10,Maine,AEC,A,Harvard,L,46,67,17,50,4,15,8,13,8,28,9,8,1,15,17,26,49,4,10,11,19,7,31,11,12,5,10,11
2019-11-06,IUPUI,Horizon,A,Butler,L,47,80,21,57,3,21,2,8,12,29,7,5,3,14,14,35,59,6,14,4,9,11,34,21,6,4,8,13
2019-11-09,IUPUI,Horizon,A,Bradley,L,56,90,19,54,7,24,11,17,6,28,10,4,2,15,18,32,67,9,27,17,22,15,43,19,4,2,7,15
2019-11-13,IUPUI,Horizon,A,South Florida,W,70,53,25,49,10,19,10,13,6,27,15,10,1,19,18,20,54,5,23,8,18,15,32,8,12,3,22,14
2019-11-05,Georgia Southern,Sun Belt,A,Auburn,L,74,83,27,57,5,18,15,21,4,25,8,10,2,18,21,29,58,7,22,18,25,10,39,13,6,2,21,21
2019-11-11,Georgia Southern,Sun Belt,A,North Florida,L,77,80,30,69,9,25,8,12,5,31,18,9,4,16,22,25,61,15,28,15,20,11,44,15,6,3,24,17
2019-11-05,Jackson State,SWAC,A,California Baptist,L,70,93,26,70,4,17,14,21,11,33,8,9,3,12,24,30,62,13,30,20,26,11,45,16,2,4,17,18
2019-11-06,Jackson State,SWAC,A,UCSB,L,62,83,22,61,6,20,12,16,8,21,8,4,1,8,18,28,47,9,21,18,22,6,36,16,2,5,15,19
2019-11-12,Jackson State,SWAC,A,Tulane,L,79,88,28,61,10,24,13,17,12,27,18,6,3,13,21,30,54,6,17,22,30,6,25,14,7,3,9,14
2019-11-05,Jacksonville,A-Sun,A,Xavier,L,57,76,23,56,5,21,6,12,5,31,10,7,1,17,19,29,60,4,23,14,24,10,39,11,10,2,11,15
2019-11-11,Jacksonville,A-Sun,N,Bowling Green State,L,59,75,16,50,7,19,20,27,8,34,10,2,0,16,12,27,62,10,27,11,11,5,34,16,8,4,9,19
2019-11-05,Utah,Pac-12,A,Nevada,W,79,74,26,59,5,23,22,35,10,45,11,3,3,13,16,28,68,11,30,7,9,3,29,17,6,5,6,29
2019-11-08,Utah,Pac-12,H,Mississippi Valley State,W,143,49,57,90,17,34,12,13,10,61,41,6,3,11,14,21,80,4,30,3,6,7,26,10,9,6,17,16
2019-11-09,Portland State,Big Sky,A,Indiana,L,74,85,21,51,8,16,24,32,5,17,8,7,5,9,22,30,60,3,14,22,30,14,37,11,4,4,10,22
2019-11-05,Rider,MAAC,A,Coppin State,W,91,84,30,62,7,19,24,35,10,46,17,7,0,24,19,28,74,10,39,18,24,10,36,15,11,3,14,28
2019-11-08,Rider,MAAC,A,Delaware State,W,81,54,30,58,8,20,13,21,9,45,14,4,2,14,16,20,62,6,29,8,13,4,26,8,6,0,11,14
2019-11-09,Albany (NY),AEC,H,Lehigh,L,70,74,19,58,8,29,24,31,9,32,11,5,0,15,17,30,59,4,16,10,15,4,29,17,6,7,15,24
2019-11-13,Albany (NY),AEC,H,Canisius,W,83,57,31,55,7,19,14,19,6,34,15,5,4,13,18,20,58,4,23,13,18,8,24,12,8,2,12,17
2019-11-05,Oregon State,Pac-12,H,Cal State Northridge,W,87,67,29,63,7,20,22,31,14,41,21,8,8,10,15,23,60,8,26,13,18,10,27,13,5,2,15,24
2019-11-09,Oregon State,Pac-12,H,Iowa State,W,80,74,29,59,12,21,10,17,10,36,20,5,6,14,10,30,68,7,21,7,11,12,32,18,4,5,10,17
2019-11-12,Oregon State,Pac-12,N,Oklahoma,L,69,77,27,66,8,20,7,10,8,31,16,4,6,8,15,27,63,11,22,12,14,9,38,13,4,4,8,14
2019-11-06,Purdue,Big Ten,H,Green Bay,W,79,57,31,61,6,19,11,17,10,35,16,8,9,10,14,23,63,7,20,4,9,8,26,12,4,1,16,17
2019-11-09,Purdue,Big Ten,H,Texas,L,66,70,25,61,8,16,8,12,12,31,12,8,2,13,19,24,45,9,22,13,16,4,23,18,6,6,14,14
2019-11-13,Purdue,Big Ten,A,Marquette,L,55,65,20,59,6,24,9,21,11,33,14,4,4,9,22,20,52,7,25,18,24,8,37,13,3,5,9,19
2019-11-06,Vanderbilt,SEC,H,Southeast Missouri State,W,83,65,30,61,14,34,9,14,7,31,17,8,8,12,18,25,58,3,13,12,18,12,35,5,4,2,16,14
2019-11-11,Vanderbilt,SEC,H,Texas A&amp;M-Corpus Christi,W,71,66,26,52,8,22,11,18,9,27,10,13,7,12,13,23,50,12,23,8,11,5,25,17,9,2,20,17
2019-11-14,Vanderbilt,SEC,A,Richmond,L,92,93,33,66,15,35,11,16,8,37,15,7,5,16,21,32,70,9,28,20,23,8,31,16,11,1,11,15
2019-11-07,Alabama-Birmingham,CUSA,A,Troy,W,76,75,27,55,9,19,13,20,16,40,13,4,1,16,16,28,63,12,28,7,11,9,18,19,8,1,6,13
2019-11-11,Alabama-Birmingham,CUSA,H,Alabama A&amp;M,W,74,52,27,54,2,13,18,25,10,39,8,12,3,15,14,22,57,3,24,5,9,6,19,5,11,2,15,16
2019-11-05,American,Patriot,A,Siena,L,80,96,28,54,6,18,18,28,5,23,7,5,1,11,17,35,67,11,21,15,18,13,39,17,4,0,13,23
2019-11-08,American,Patriot,H,William &amp; Mary,L,70,79,25,66,9,25,11,13,8,31,10,4,5,12,18,28,58,4,13,19,24,7,38,15,7,5,11,10
2019-11-12,American,Patriot,A,George Washington,W,67,65,28,63,4,15,7,12,6,25,9,13,5,7,14,25,58,7,24,8,11,15,43,10,5,8,17,12
2019-11-05,UNLV,MWC,H,Purdue-Fort Wayne,W,86,71,28,54,7,19,23,28,9,39,17,3,4,14,16,28,58,6,22,9,13,2,18,12,10,4,11,21
2019-11-09,UNLV,MWC,H,Kansas State,L,56,60,20,58,7,26,9,14,16,39,7,9,5,23,18,22,59,4,23,12,13,13,32,13,9,3,20,19
2019-11-12,UNLV,MWC,A,California,L,75,79,30,62,7,15,8,12,9,30,10,2,3,12,22,29,57,8,21,13,19,7,24,11,5,7,10,16
2019-11-06,Texas A&amp;M,SEC,H,Northwestern State,W,77,63,28,50,4,15,17,28,8,38,15,4,4,14,11,25,73,9,38,4,7,18,37,14,5,1,13,23
2019-11-11,Texas A&amp;M,SEC,H,Louisiana-Monroe,W,63,57,23,54,5,12,12,21,10,31,9,8,4,13,7,23,55,8,28,3,5,9,33,12,9,7,20,17
2019-11-05,Saint Louis,A-10,H,Florida Gulf Coast,W,89,67,34,71,11,27,10,18,16,36,16,10,5,9,16,24,52,12,27,7,9,5,23,16,4,5,18,16
2019-11-09,Saint Louis,A-10,H,Valparaiso,W,81,70,31,64,4,13,15,26,13,35,15,11,3,16,26,21,47,8,17,20,35,9,31,15,6,5,19,25
2019-11-13,Saint Louis,A-10,H,Eastern Washington,W,82,60,31,54,8,21,12,28,7,41,23,11,6,18,25,19,63,9,26,13,18,12,36,12,8,1,18,22
2019-11-08,Weber State,Big Sky,A,Utah State,L,34,89,10,46,5,22,9,20,8,23,7,3,5,17,13,37,67,6,17,9,10,10,39,26,6,0,7,17
2019-11-14,Weber State,Big Sky,H,San Diego,L,56,71,24,62,3,18,5,10,10,34,6,3,1,14,12,28,56,8,20,7,9,3,29,13,10,0,10,13
2019-11-08,Grand Canyon,WAC,H,Illinois,L,71,83,27,61,8,19,9,16,6,23,12,4,0,11,23,29,64,4,13,21,30,16,46,13,5,0,17,21
2019-11-13,Grand Canyon,WAC,A,San Diego State,L,61,86,19,52,4,18,19,25,9,30,8,4,0,12,14,35,64,13,27,3,7,8,36,25,3,5,7,19
2019-11-06,Ohio State,Big Ten,H,Cincinnati,W,64,56,20,49,5,16,19,29,13,39,9,2,2,14,18,19,57,4,21,14,23,14,33,9,6,1,12,27
2019-11-10,Ohio State,Big Ten,H,UMass-Lowell,W,76,56,28,57,9,23,11,22,7,41,19,2,4,14,19,20,61,5,23,11,20,9,35,11,7,1,12,20
2019-11-13,Ohio State,Big Ten,H,Villanova,W,76,51,30,50,9,16,7,12,2,34,18,6,6,10,11,19,62,10,30,3,7,8,26,10,0,4,12,16
2019-11-05,VCU,A-10,H,Saint Francis (PA),W,72,58,27,55,3,13,15,25,7,36,13,12,4,17,18,21,65,6,21,10,18,11,33,9,12,0,17,20
2019-11-08,VCU,A-10,H,North Texas,W,59,56,17,46,10,26,15,20,8,25,10,10,5,18,15,21,52,8,25,6,8,9,28,11,5,2,14,20
2019-11-13,VCU,A-10,H,LSU,W,84,82,26,63,9,28,23,29,13,31,13,14,7,16,19,31,60,7,17,13,17,13,34,9,7,4,26,25
2019-11-08,Florida Atlantic,CUSA,A,Miami (FL),L,60,74,23,66,6,22,8,12,15,41,11,4,7,14,14,30,66,5,18,9,14,8,31,13,8,3,5,10
2019-11-11,Florida Atlantic,CUSA,A,Alabama,L,59,78,24,69,5,28,6,17,12,30,11,15,4,11,19,26,59,9,29,17,22,12,45,21,5,5,19,18
2019-11-06,Florida State,ACC,A,Pitt,L,61,63,21,53,6,20,13,15,9,32,6,4,6,14,27,16,51,9,26,22,31,11,32,11,5,0,12,16
2019-11-10,Florida State,ACC,A,Florida,W,63,51,20,55,5,17,18,23,9,35,11,8,5,9,17,14,50,4,22,19,24,8,32,6,3,4,13,19
2019-11-06,Butler,Big East,H,IUPUI,W,80,47,35,59,6,14,4,9,11,34,21,6,4,8,13,21,57,3,21,2,8,12,29,7,5,3,14,14
2019-11-09,Butler,Big East,H,New Orleans,W,79,53,29,60,9,19,12,20,14,38,18,6,2,5,14,21,49,5,11,6,8,2,21,7,2,5,16,20
2019-11-12,Butler,Big East,H,Minnesota,W,64,56,21,55,3,14,19,26,9,31,8,7,3,9,20,17,51,6,23,16,21,8,32,12,5,5,15,25
2019-11-07,Rutgers,Big Ten,H,Bryant,W,73,71,26,69,3,21,18,32,11,42,15,11,7,15,13,26,66,13,35,6,9,8,38,16,8,9,21,25
2019-11-10,Rutgers,Big Ten,H,Niagara,W,86,39,35,59,9,19,7,8,7,35,22,7,6,9,12,16,52,5,19,2,3,6,21,10,3,4,15,16
2019-11-13,Rutgers,Big Ten,H,Drexel,W,62,57,19,51,4,17,20,25,7,37,8,7,8,13,13,21,65,9,27,6,8,10,33,10,7,5,11,21
2019-11-09,Idaho,Big Sky,A,UC-Riverside,L,51,58,18,49,3,16,12,23,7,26,6,5,2,8,18,19,50,6,22,14,17,9,38,10,3,2,13,21
2019-11-14,Idaho,Big Sky,N,UC-Davis,L,64,65,22,53,3,16,17,21,11,34,12,7,2,14,14,25,53,8,21,7,9,6,26,15,6,2,15,17
2019-11-05,Nevada,MWC,H,Utah,L,74,79,28,68,11,30,7,9,3,29,17,6,5,6,29,26,59,5,23,22,35,10,45,11,3,3,13,16
2019-11-09,Nevada,MWC,H,Loyola Marymount,W,72,67,24,56,7,30,17,22,6,34,13,7,5,11,21,23,55,6,21,15,19,3,26,11,5,0,10,22
2019-11-12,Nevada,MWC,H,Texas-Arlington,W,80,73,27,58,10,21,16,30,8,41,18,5,6,16,21,22,64,11,36,18,27,9,34,13,6,3,13,25
2019-11-06,Colgate,Patriot,H,NJIT,W,80,75,27,54,8,20,18,21,7,34,13,6,1,11,11,30,65,8,26,7,9,7,26,13,5,2,9,19
2019-11-10,Colgate,Patriot,A,Clemson,L,68,81,26,57,11,33,5,5,4,24,14,2,2,18,16,31,60,6,20,13,18,8,32,11,13,1,11,9
2019-11-13,Colgate,Patriot,A,Syracuse,L,54,70,18,60,13,41,5,7,11,26,14,6,4,15,14,28,55,7,17,7,12,9,39,20,9,6,13,11
2019-11-06,Western Michigan,MAC,H,McNeese State,W,75,65,21,58,11,32,22,28,9,34,10,9,2,6,17,26,55,5,19,8,18,7,34,6,3,3,14,20
2019-11-09,Western Michigan,MAC,A,Milwaukee,W,115,110,30,67,10,25,45,57,7,40,12,6,5,22,33,34,85,10,31,32,51,19,48,14,13,3,20,42
2019-11-12,Western Michigan,MAC,H,Mississippi Valley State,W,91,81,29,57,6,12,27,38,10,35,14,2,3,8,14,29,63,7,18,16,19,8,29,6,5,2,8,27
2019-11-10,Central Michigan,MAC,H,Mississippi Valley State,W,134,78,47,93,13,37,27,37,20,56,20,16,1,6,15,30,73,8,32,10,16,7,34,15,0,4,23,27
2019-11-05,Central Arkansas,Southland,A,Baylor,L,61,105,22,61,4,23,13,24,6,23,11,5,6,15,19,40,71,18,33,7,14,11,48,25,6,2,14,20
2019-11-09,Central Arkansas,Southland,A,Georgetown,L,78,89,28,73,12,36,10,14,4,26,17,10,3,11,20,33,66,8,22,15,20,13,50,19,7,6,19,16
2019-11-12,Central Arkansas,Southland,A,Duke,L,54,105,18,51,3,15,15,24,4,26,8,4,4,21,17,42,74,9,18,12,14,10,42,18,14,7,12,21
2019-11-12,Norfolk State,MEAC,A,Ole Miss,L,55,68,17,52,5,21,16,21,8,31,8,8,3,17,21,26,51,5,15,11,17,5,32,14,12,3,12,16
2019-11-05,BYU,WCC,H,Cal State Fullerton,W,76,58,28,57,11,24,9,15,3,31,16,5,2,15,17,21,57,5,14,11,18,5,30,4,7,1,16,21
2019-11-09,BYU,WCC,H,San Diego State,L,71,76,25,56,8,24,13,16,2,25,16,11,1,8,18,27,61,9,20,13,18,11,38,12,5,1,14,15
2019-11-13,BYU,WCC,H,Southern Utah,W,68,63,23,60,8,22,14,20,7,27,14,7,1,10,15,28,56,0,12,7,10,7,37,11,6,6,18,20
2019-11-05,Tulsa,AAC,H,Houston Baptist,W,80,72,28,62,3,14,21,27,9,36,12,12,2,11,16,24,67,9,29,15,18,16,40,9,7,2,16,20
2019-11-09,Tulsa,AAC,A,Texas-Arlington,L,59,73,19,62,5,22,16,23,13,35,9,1,2,10,18,24,60,9,34,16,17,11,38,16,4,5,9,19
2019-11-12,Tulsa,AAC,H,Oral Roberts,W,74,67,27,53,4,13,16,27,8,43,16,7,4,16,16,22,67,10,35,13,19,12,35,13,10,1,11,24
2019-11-05,Cornell,Ivy,H,Binghamton,W,84,64,32,62,7,21,13,15,6,32,20,10,5,6,15,24,58,9,25,7,10,6,23,12,4,4,12,17
2019-11-10,Cornell,Ivy,A,Bryant,L,81,82,26,58,11,26,18,23,7,29,16,7,5,15,18,27,60,15,32,13,23,12,37,16,10,2,17,20
2019-11-13,Cornell,Ivy,H,NJIT,L,58,59,23,56,6,30,6,9,6,31,11,6,3,11,14,22,57,3,12,12,12,8,32,7,5,2,10,14
2019-11-09,ETSU,Southern,A,UT-Martin,W,92,75,35,56,10,20,12,20,10,36,20,8,7,19,25,27,67,8,27,13,18,14,25,13,4,2,15,19
2019-11-14,ETSU,Southern,H,Winthrop,W,61,58,21,50,7,21,12,23,10,30,13,7,6,11,13,25,54,5,17,3,9,10,30,12,6,2,14,19
2019-11-13,Quinnipiac,MAAC,A,Brown,L,68,70,29,68,6,23,4,5,11,37,8,8,6,15,16,26,74,9,26,9,12,15,40,14,8,4,13,13
2019-11-05,Indiana,Big Ten,H,Western Illinois,W,98,65,38,65,5,11,17,25,14,45,18,6,6,11,12,22,64,7,24,14,15,9,27,9,6,3,12,20
2019-11-09,Indiana,Big Ten,H,Portland State,W,85,74,30,60,3,14,22,30,14,37,11,4,4,10,22,21,51,8,16,24,32,5,17,8,7,5,9,22
2019-11-12,Indiana,Big Ten,H,North Alabama,W,91,65,23,46,8,21,37,45,7,27,12,6,9,13,23,19,44,7,14,20,27,4,21,7,9,0,21,31
2019-11-06,Northern Arizona,Big Sky,A,Arizona,L,52,91,17,54,6,18,12,17,8,27,6,0,2,19,21,33,61,9,23,16,20,7,35,18,9,3,7,17
2019-11-09,Cal State Bakersfield,WAC,H,South Dakota State,L,91,93,34,84,6,19,17,21,17,44,9,11,3,11,26,30,63,9,24,24,30,9,40,12,7,2,19,24
2019-11-13,Cal State Bakersfield,WAC,A,Northern Iowa,L,55,67,23,52,3,13,6,9,8,30,6,3,3,14,19,22,50,12,34,11,14,6,27,10,4,0,11,13
2019-11-05,Ohio,MAC,A,St. Bonaventure,W,65,53,24,51,8,22,9,16,7,27,17,10,2,12,18,20,55,3,19,10,15,12,31,11,4,2,16,21
2019-11-13,Ohio,MAC,A,Iona,W,81,72,29,52,13,25,10,14,4,27,15,10,4,18,17,24,57,8,25,16,18,6,25,12,13,5,17,18
2019-11-05,Arkansas-Pine Bluff,SWAC,A,South Florida,L,41,70,13,45,4,12,11,19,5,28,5,4,3,21,21,20,54,7,21,23,35,12,37,11,9,5,12,22
2019-11-09,Arkansas-Pine Bluff,SWAC,A,Gonzaga,L,60,110,23,56,2,10,12,18,3,19,9,6,1,16,26,35,56,9,23,31,39,11,41,22,9,4,12,16
2019-11-05,Coppin State,MEAC,H,Rider,L,84,91,28,74,10,39,18,24,10,36,15,11,3,14,28,30,62,7,19,24,35,10,46,17,7,0,24,19
2019-11-08,Coppin State,MEAC,A,Virginia Tech,L,42,74,14,71,6,39,8,11,11,40,6,8,1,16,14,27,61,11,33,9,12,5,49,17,7,5,15,13
2019-11-12,Coppin State,MEAC,A,Loyola (IL),W,76,72,23,58,8,18,22,28,9,37,7,6,4,13,26,23,54,4,21,22,34,7,34,17,9,4,14,19
2019-11-05,South Florida,AAC,H,Arkansas-Pine Bluff,W,70,41,20,54,7,21,23,35,12,37,11,9,5,12,22,13,45,4,12,11,19,5,28,5,4,3,21,21
2019-11-10,South Florida,AAC,H,Boston College,L,60,74,22,61,6,27,10,18,11,28,4,18,4,19,23,25,50,8,21,16,24,11,38,16,9,5,25,15
2019-11-13,South Florida,AAC,H,IUPUI,L,53,70,20,54,5,23,8,18,15,32,8,12,3,22,14,25,49,10,19,10,13,6,27,15,10,1,19,18
2019-11-08,Southern Illinois,MVC,N,UTSA,W,72,60,24,51,7,22,17,23,2,23,15,7,3,13,19,17,56,9,28,17,21,9,34,11,7,2,14,23
2019-11-09,Southern Illinois,MVC,N,Delaware,L,54,56,20,50,5,17,9,12,6,32,12,4,1,12,14,21,54,6,24,8,14,8,31,11,8,1,11,16
2019-11-10,Southern Illinois,MVC,N,Oakland,L,52,61,21,53,7,30,3,6,1,17,10,10,1,8,13,24,52,3,13,10,13,10,38,11,4,3,14,9
2019-11-05,Cal State Northridge,Big West,A,Oregon State,L,67,87,23,60,8,26,13,18,10,27,13,5,2,15,24,29,63,7,20,22,31,14,41,21,8,8,10,15
2019-11-09,Cal State Northridge,Big West,A,New Mexico,L,70,97,28,63,8,23,6,13,9,23,17,3,2,15,25,36,60,6,16,19,26,7,33,22,6,3,12,16
2019-11-12,Cal State Northridge,Big West,H,Pepperdine,L,82,94,26,56,13,24,17,28,7,29,15,5,1,16,22,31,63,13,28,19,23,12,36,20,6,4,14,24
2019-11-09,UCF,AAC,H,Prairie View,W,73,69,23,54,10,32,17,28,9,34,17,5,5,15,19,23,60,11,21,12,16,10,31,14,4,1,18,23
2019-11-12,UCF,AAC,H,Miami (FL),L,70,79,29,62,7,24,5,12,15,39,14,4,3,17,18,29,62,5,20,16,22,9,29,16,7,2,9,16
2019-11-09,Southern Utah,Big Sky,A,Nebraska,W,79,78,31,76,4,23,13,21,13,52,10,7,7,16,23,27,73,5,26,19,29,8,40,15,9,5,13,17
2019-11-13,Southern Utah,Big Sky,A,BYU,L,63,68,28,56,0,12,7,10,7,37,11,6,6,18,20,23,60,8,22,14,20,7,27,14,7,1,10,15
2019-11-05,Wyoming,MWC,H,Idaho State,W,54,40,19,37,1,10,15,23,3,28,4,6,2,10,20,15,47,4,24,6,18,7,24,9,7,1,14,22
2019-11-10,Wyoming,MWC,A,South Carolina,L,32,66,9,39,4,17,10,18,3,21,5,2,2,14,12,25,59,9,27,7,12,9,39,14,9,5,10,20
2019-11-13,Wyoming,MWC,H,Cal State Fullerton,L,53,60,21,54,6,21,5,8,5,33,7,0,4,15,16,21,54,9,24,9,16,7,29,13,8,4,11,18
2019-11-09,Middle Tennessee,CUSA,A,Lipscomb,W,73,70,23,57,13,30,14,17,6,34,14,8,4,20,18,24,64,9,32,13,16,10,38,12,4,6,18,16
2019-11-06,Virginia,ACC,A,Syracuse,W,48,34,20,49,4,25,4,6,9,44,14,4,4,15,7,13,55,5,29,3,7,5,24,7,5,3,8,12
2019-11-10,Virginia,ACC,H,James Madison,W,65,34,26,68,4,25,9,14,13,47,11,8,6,10,10,12,53,8,31,2,6,6,35,6,3,1,19,11
2019-11-09,Prairie View,SWAC,A,UCF,L,69,73,23,60,11,21,12,16,10,31,14,4,1,18,23,23,54,10,32,17,28,9,34,17,5,5,15,19
2019-11-12,Prairie View,SWAC,A,Texas State,L,48,75,18,51,5,15,7,13,4,19,11,8,2,18,17,24,46,8,17,19,22,4,31,14,7,4,19,17
2019-11-05,Central Connecticut,NEC,H,Hartford,L,59,74,22,52,5,14,10,19,6,34,15,9,3,19,17,26,56,10,26,12,15,2,28,18,7,2,14,18
2019-11-09,Central Connecticut,NEC,A,St. John's (NY),L,57,87,18,53,6,18,15,30,7,34,10,4,4,21,16,34,76,11,28,8,15,14,43,19,10,8,15,24
2019-11-14,Central Connecticut,NEC,A,Arizona State,L,49,90,17,57,4,17,11,21,10,33,9,6,5,23,28,29,65,7,27,25,33,12,43,19,14,5,11,18
2019-11-05,Idaho State,Big Sky,A,Wyoming,L,40,54,15,47,4,24,6,18,7,24,9,7,1,14,22,19,37,1,10,15,23,3,28,4,6,2,10,20
2019-11-07,Idaho State,Big Sky,A,Air Force,W,89,79,28,56,12,29,21,25,8,27,13,7,2,11,23,27,52,1,11,24,27,7,26,5,5,3,13,24
2019-11-09,Iona,MAAC,A,La Salle,L,64,70,21,70,8,40,14,20,14,42,13,10,6,17,23,26,65,7,22,11,20,13,46,20,8,4,17,23
2019-11-13,Iona,MAAC,H,Ohio,L,72,81,24,57,8,25,16,18,6,25,12,13,5,17,18,29,52,13,25,10,14,4,27,15,10,4,18,17
2019-11-06,NJIT,A-Sun,A,Colgate,L,75,80,30,65,8,26,7,9,7,26,13,5,2,9,19,27,54,8,20,18,21,7,34,13,6,1,11,11
2019-11-09,NJIT,A-Sun,A,Providence,L,47,76,17,52,5,26,8,10,6,29,7,2,1,22,19,28,63,9,30,11,16,15,43,19,9,8,16,15
2019-11-13,NJIT,A-Sun,A,Cornell,W,59,58,22,57,3,12,12,12,8,32,7,5,2,10,14,23,56,6,30,6,9,6,31,11,6,3,11,14
2019-11-08,Harvard,Ivy,A,Northeastern,L,79,84,29,61,8,25,13,17,11,30,14,5,2,10,18,28,51,11,19,17,22,5,27,10,5,3,10,19
2019-11-10,Harvard,Ivy,H,Maine,W,67,46,26,49,4,10,11,19,7,31,11,12,5,10,11,17,50,4,15,8,13,8,28,9,8,1,15,17
2019-11-14,Harvard,Ivy,H,Siena,W,59,56,23,57,9,26,4,5,8,32,8,8,10,18,12,24,59,4,22,4,8,11,35,10,7,2,16,13
2019-11-05,Texas Tech,Big 12,H,Eastern Illinois,W,85,60,32,58,8,14,13,19,4,33,15,7,5,13,16,23,57,6,16,8,13,5,28,10,5,1,14,20
2019-11-09,Texas Tech,Big 12,H,Bethune-Cookman,W,79,44,28,59,7,19,16,22,9,39,22,9,3,15,15,17,57,3,17,7,10,5,24,4,5,5,20,19
2019-11-13,Texas Tech,Big 12,N,Houston Baptist,W,103,74,40,67,7,15,16,24,13,44,27,12,5,23,20,26,66,10,26,12,18,11,27,12,9,2,18,20
2019-11-05,Bucknell,Patriot,A,Fairfield,W,68,64,22,55,10,23,14,17,4,30,14,4,5,13,20,24,59,2,12,14,20,10,37,9,3,3,12,16
2019-11-10,Bucknell,Patriot,H,Vermont,L,63,66,23,54,3,22,14,22,4,34,8,2,4,15,21,22,64,4,25,18,29,12,39,9,7,2,13,22
2019-11-13,Bucknell,Patriot,H,Hofstra,W,86,71,31,67,15,28,9,11,12,42,19,5,7,14,22,24,63,6,19,17,27,10,30,9,9,5,10,16
2019-11-05,Morehead State,OVC,H,Samford,W,90,86,33,73,6,29,18,30,18,47,16,7,5,20,22,29,79,6,26,22,32,21,45,9,13,7,14,23
2019-11-14,Morehead State,OVC,A,Presbyterian,W,77,55,30,58,7,20,10,18,11,39,14,9,4,8,11,22,56,6,24,5,9,7,23,9,4,3,12,17
2019-11-08,UNC Wilmington,CAA,H,UNC,L,62,78,25,72,5,28,7,11,11,48,12,5,0,11,22,27,72,8,25,16,30,13,51,13,5,3,8,15
2019-11-12,UNC Wilmington,CAA,H,Campbell,W,81,76,25,47,9,16,22,26,5,30,12,2,4,17,12,33,74,5,21,5,6,12,29,9,5,1,10,19
2019-11-10,Youngstown State,Horizon,A,Louisville,L,55,78,21,67,5,27,8,16,17,42,5,4,1,11,13,33,65,7,22,5,6,6,38,22,3,5,6,11
2019-11-05,USC,Pac-12,H,Florida A&amp;M,W,77,48,30,67,3,17,14,23,16,47,15,12,11,17,18,20,62,1,8,7,15,10,35,9,10,1,18,21
2019-11-08,USC,Pac-12,H,Portland,W,76,65,30,61,10,20,6,10,16,40,21,8,2,20,13,23,56,13,28,6,9,8,26,12,11,3,16,12
2019-11-12,USC,Pac-12,H,South Dakota State,W,84,66,27,68,9,28,21,30,14,42,11,12,3,11,15,23,60,8,31,12,16,9,36,13,7,1,18,26
2019-11-05,Texas-Rio Grande Valley,WAC,A,South Dakota State,L,57,70,21,70,3,13,12,17,9,35,4,5,5,8,21,27,59,4,17,12,21,9,48,14,4,1,11,16
2019-11-09,Texas State,Sun Belt,A,Air Force,L,71,78,29,64,3,18,10,20,8,29,9,5,4,6,24,22,48,12,26,22,31,7,35,16,2,5,12,21
2019-11-12,Texas State,Sun Belt,H,Prairie View,W,75,48,24,46,8,17,19,22,4,31,14,7,4,19,17,18,51,5,15,7,13,4,19,11,8,2,18,17
2019-11-09,Dayton,A-10,H,Indiana State,W,86,81,29,60,7,27,21,30,9,31,18,5,5,9,19,27,57,6,15,21,27,7,36,10,5,1,11,24
2019-11-05,Cal State Fullerton,Big West,A,BYU,L,58,76,21,57,5,14,11,18,5,30,4,7,1,16,21,28,57,11,24,9,15,3,31,16,5,2,15,17
2019-11-09,Cal State Fullerton,Big West,A,Stanford,L,54,70,20,59,4,22,10,19,13,42,6,6,1,16,19,25,50,5,17,15,26,4,31,10,7,4,15,17
2019-11-13,Cal State Fullerton,Big West,A,Wyoming,W,60,53,21,54,9,24,9,16,7,29,13,8,4,11,18,21,54,6,21,5,8,5,33,7,0,4,15,16
2019-11-08,SIU-Edwardsville,OVC,A,Iowa,L,60,87,26,62,4,18,4,4,6,28,11,6,3,16,25,26,56,8,25,27,32,7,31,17,9,4,12,8
2019-11-12,SIU-Edwardsville,OVC,H,Valparaiso,L,76,89,32,68,4,18,8,16,10,32,17,9,2,12,23,29,61,7,20,24,30,12,40,16,6,2,14,16
2019-11-05,George Mason,A-10,H,Navy,W,68,55,26,63,8,25,8,15,14,32,16,9,5,13,16,21,58,4,20,9,13,17,40,14,4,1,17,15
2019-11-08,George Mason,A-10,H,Longwood,W,76,65,29,53,6,14,12,19,7,34,14,1,7,13,15,25,67,10,31,5,7,10,24,13,3,2,8,18
2019-11-13,George Mason,A-10,H,LIU-Brooklyn,W,80,74,31,67,5,18,13,17,10,36,11,7,7,10,16,29,63,5,21,11,18,8,33,10,6,4,14,16
2019-11-05,Michigan State,Big Ten,N,Kentucky,L,62,69,22,56,5,26,13,18,7,30,14,4,0,15,23,19,50,6,18,25,32,5,30,9,4,3,10,20
2019-11-10,Michigan State,Big Ten,H,Binghamton,W,100,47,38,74,7,25,17,20,11,37,25,7,7,4,13,18,60,9,30,2,10,9,25,11,2,0,19,19
2019-11-14,Michigan State,Big Ten,A,Seton Hall,W,76,73,27,65,12,27,10,17,12,37,15,11,3,14,14,26,60,11,28,10,15,7,33,14,9,6,16,15
2019-11-09,Eastern Washington,Big Sky,A,Seattle,W,74,66,23,59,6,31,22,32,8,44,5,2,5,15,23,24,68,3,17,15,22,9,37,5,10,0,10,24
2019-11-13,Eastern Washington,Big Sky,A,Saint Louis,L,60,82,19,63,9,26,13,18,12,36,12,8,1,18,22,31,54,8,21,12,28,7,41,23,11,6,18,25
2019-11-05,Penn,Ivy,A,Alabama,W,81,80,29,68,8,26,15,20,8,38,10,8,4,15,19,27,76,11,38,15,22,17,42,10,10,5,15,18
2019-11-09,Penn,Ivy,A,Rice,L,61,80,25,65,3,22,8,15,5,30,7,5,4,9,11,29,65,10,26,12,14,10,46,14,4,8,12,13
2019-11-13,Penn,Ivy,H,La Salle,W,75,59,28,69,7,28,12,16,13,42,13,8,3,15,9,24,56,3,14,8,12,3,26,5,9,4,16,15
2019-11-05,Saint Francis (PA),NEC,A,VCU,L,58,72,21,65,6,21,10,18,11,33,9,12,0,17,20,27,55,3,13,15,25,7,36,13,12,4,17,18
2019-11-08,Saint Francis (PA),NEC,A,Richmond,L,98,100,35,72,14,28,14,22,13,41,12,5,2,10,19,35,68,13,29,17,24,7,31,22,8,6,8,18
2019-11-13,Saint Francis (PA),NEC,A,Morgan State,W,71,65,18,46,4,10,31,35,6,37,10,2,4,21,24,22,57,2,13,19,32,12,27,8,8,3,10,26
2019-11-08,Radford,Big South,A,Liberty,L,60,66,20,53,4,17,16,23,7,30,4,4,2,8,21,20,43,7,22,19,29,4,30,13,4,5,9,20
2019-11-08,West Virginia,Big 12,H,Akron,W,94,84,29,61,5,13,31,40,9,37,17,12,5,14,23,24,62,10,31,26,31,10,36,13,6,2,16,28
2019-11-09,Milwaukee,Horizon,H,Western Michigan,L,110,115,34,85,10,31,32,51,19,48,14,13,3,20,42,30,67,10,25,45,57,7,40,12,6,5,22,33
2019-11-08,Colorado,Pac-12,N,Arizona State,W,81,71,30,65,6,16,15,25,10,44,12,6,3,18,14,25,65,8,20,13,18,4,32,12,10,6,16,24
2019-11-05,Louisville,ACC,A,Miami (FL),W,87,74,34,63,9,19,10,14,10,38,14,8,4,12,17,30,69,10,24,4,11,11,30,12,6,4,10,13
2019-11-10,Louisville,ACC,H,Youngstown State,W,78,55,33,65,7,22,5,6,6,38,22,3,5,6,11,21,67,5,27,8,16,17,42,5,4,1,11,13
2019-11-13,Louisville,ACC,H,Indiana State,W,91,62,31,53,9,17,20,25,11,42,16,3,3,15,20,19,56,10,26,14,17,8,21,10,7,1,10,20
2019-11-05,Campbell,Big South,A,Coastal Carolina,W,75,74,24,62,12,34,15,15,11,29,15,7,3,7,16,29,60,8,22,8,16,16,38,10,2,5,12,16
2019-11-12,Campbell,Big South,A,UNC Wilmington,L,76,81,33,74,5,21,5,6,12,29,9,5,1,10,19,25,47,9,16,22,26,5,30,12,2,4,17,12
2019-11-06,San Jose State,MWC,A,Hofstra,W,79,71,31,66,7,22,10,14,14,46,16,6,3,11,14,29,68,8,29,5,7,7,31,12,6,0,8,17
2019-11-10,San Jose State,MWC,H,Portland,L,57,72,23,58,6,26,5,16,6,30,13,6,3,13,14,26,54,9,20,11,15,3,28,19,6,2,14,18
2019-11-14,San Jose State,MWC,A,Arizona,L,39,87,14,61,2,18,9,18,11,32,5,4,1,16,22,30,62,8,18,19,28,12,47,24,6,4,8,16
2019-11-05,Stony Brook,AEC,H,Yale,L,69,74,21,68,6,23,21,26,13,46,10,6,9,16,16,27,70,9,26,11,19,11,43,16,8,7,12,18
2019-11-09,Stony Brook,AEC,A,Seton Hall,L,57,74,18,51,6,25,15,20,9,33,8,6,9,13,16,28,64,7,18,11,16,10,34,15,5,3,9,16
2019-11-05,Georgia,SEC,H,Western Carolina,W,91,72,31,66,8,26,21,32,12,48,15,9,7,14,26,26,73,9,34,11,20,12,38,11,3,3,12,25
2019-11-12,Georgia,SEC,H,Citadel,W,95,86,33,72,7,29,22,31,8,34,18,13,3,8,17,30,61,14,33,12,18,5,39,20,3,1,22,23
2019-11-07,Seattle,WAC,A,Washington State,L,54,85,20,55,1,13,13,19,4,29,4,1,2,10,14,33,80,9,27,10,15,14,41,12,8,2,3,13
2019-11-09,Seattle,WAC,H,Eastern Washington,L,66,74,24,68,3,17,15,22,9,37,5,10,0,10,24,23,59,6,31,22,32,8,44,5,2,5,15,23
2019-11-09,UMBC,AEC,A,Florida Gulf Coast,W,65,61,19,55,6,21,21,37,14,41,5,3,1,10,28,16,53,5,24,24,37,13,42,10,4,3,13,26
2019-11-05,Northern Iowa,MVC,H,Old Dominion,W,58,53,19,55,6,31,14,24,10,37,9,4,3,14,14,21,59,3,12,8,15,10,41,5,12,1,14,24
2019-11-09,Northern Iowa,MVC,A,Northern Illinois,W,64,54,25,61,9,27,5,8,8,34,12,1,2,7,13,22,63,6,23,4,7,12,37,4,6,5,8,15
2019-11-13,Northern Iowa,MVC,H,Cal State Bakersfield,W,67,55,22,50,12,34,11,14,6,27,10,4,0,11,13,23,52,3,13,6,9,8,30,6,3,3,14,19
2019-11-05,North Florida,A-Sun,A,Florida,L,59,74,21,57,11,34,6,10,10,32,13,3,0,18,18,29,69,3,15,13,18,18,43,15,7,3,10,16
2019-11-11,North Florida,A-Sun,H,Georgia Southern,W,80,77,25,61,15,28,15,20,11,44,15,6,3,24,17,30,69,9,25,8,12,5,31,18,9,4,16,22
2019-11-14,North Florida,A-Sun,H,Southern Miss,W,66,63,24,59,11,30,7,14,6,30,13,8,2,12,11,27,61,3,10,6,7,9,40,15,9,2,16,13
2019-11-06,Southeast Missouri State,OVC,A,Vanderbilt,L,65,83,25,58,3,13,12,18,12,35,5,4,2,16,14,30,61,14,34,9,14,7,31,17,8,8,12,18
2019-11-10,Southeast Missouri State,OVC,H,Purdue-Fort Wayne,W,79,78,25,56,8,17,21,30,6,32,16,5,0,10,20,26,64,10,31,16,22,13,39,15,2,0,15,26
2019-11-05,Penn State,Big Ten,H,Maryland-Eastern Shore,W,84,46,29,58,12,31,14,24,13,38,19,10,11,15,17,18,54,4,19,6,13,7,26,8,7,1,19,22
2019-11-09,Penn State,Big Ten,H,Wagner,W,91,64,30,65,11,30,20,33,10,38,16,9,2,12,19,24,59,5,18,11,20,6,32,10,4,1,18,28
2019-11-14,Penn State,Big Ten,A,Georgetown,W,81,66,28,63,13,29,12,17,9,39,19,15,5,20,21,23,61,4,13,16,21,12,38,13,9,4,21,17
2019-11-05,Georgia Tech,ACC,A,NC State,W,82,81,30,60,6,20,16,22,7,32,18,9,8,16,22,27,71,7,16,20,23,15,38,13,5,6,12,19
2019-11-11,Georgia Tech,ACC,H,Elon,W,64,41,20,53,7,24,17,27,6,48,14,7,10,16,17,16,74,3,30,6,10,10,40,4,5,0,13,22
2019-11-06,Merrimack,NEC,A,Maine,L,64,84,22,64,6,29,14,17,14,26,8,7,1,10,22,28,50,6,18,22,27,9,34,21,4,6,13,15
2019-11-08,Merrimack,NEC,A,Northwestern,W,71,61,22,49,9,29,18,25,4,28,15,9,2,10,19,20,53,2,16,19,24,8,32,14,1,2,13,19
2019-11-12,TCU,Big 12,H,Louisiana,W,98,65,35,68,18,38,10,15,13,39,26,10,8,12,9,22,57,10,21,11,14,3,23,12,4,0,20,17
2019-11-08,Liberty,A-Sun,H,Radford,W,66,60,20,43,7,22,19,29,4,30,13,4,5,9,20,20,53,4,17,16,23,7,30,4,4,2,8,21
2019-11-10,Liberty,A-Sun,H,Maryland-Eastern Shore,W,66,55,26,50,8,24,6,10,8,30,15,8,2,12,10,21,49,4,13,9,13,7,24,5,7,1,13,13
2019-11-12,Liberty,A-Sun,H,South Carolina State,W,65,39,27,61,9,22,2,6,13,43,14,7,3,11,10,14,52,5,17,6,7,4,27,4,9,0,13,10
2019-11-08,Santa Clara,WCC,H,Cal Poly,W,77,63,23,49,3,10,28,37,4,30,14,8,4,12,20,23,58,5,13,12,18,8,31,12,3,0,15,26
2019-11-12,Santa Clara,WCC,H,Washington State,W,70,62,25,53,5,16,15,17,8,43,11,8,5,21,21,22,67,7,29,11,17,8,29,9,12,1,14,15
2019-11-05,Colorado State,MWC,H,Denver,W,74,63,23,50,7,23,21,26,7,35,12,4,1,14,18,24,58,7,21,8,15,9,30,9,2,3,14,25
2019-11-08,Colorado State,MWC,A,Duke,L,55,89,18,55,5,21,14,22,6,32,5,5,0,17,17,37,69,4,22,11,18,8,40,14,12,6,9,19
2019-11-13,Colorado State,MWC,H,Omaha,W,80,65,29,61,10,22,12,19,9,41,18,4,4,9,15,23,65,11,27,8,9,10,36,12,2,3,10,22
2019-11-07,Drake,MVC,H,Kennesaw State,W,86,55,34,59,17,29,1,2,5,31,24,7,4,13,13,19,55,4,16,13,16,8,27,9,8,4,12,9
2019-11-11,Drake,MVC,A,Cincinnati,L,59,81,22,62,4,19,11,17,10,30,15,7,3,11,17,31,60,11,26,8,12,10,38,20,7,4,12,18
2019-11-13,Drake,MVC,H,UMKC,W,76,58,27,45,6,11,16,20,4,32,17,5,8,16,12,22,57,5,16,9,12,3,17,10,10,2,11,18
2019-11-05,Gonzaga,WCC,H,Alabama State,W,95,64,34,59,10,20,17,27,9,31,24,11,3,8,17,24,49,9,16,7,12,4,19,14,3,1,20,24
2019-11-09,Gonzaga,WCC,H,Arkansas-Pine Bluff,W,110,60,35,56,9,23,31,39,11,41,22,9,4,12,16,23,56,2,10,12,18,3,19,9,6,1,16,26
2019-11-12,Gonzaga,WCC,H,North Dakota,W,97,66,41,71,7,16,8,14,12,50,17,1,8,10,12,25,72,7,31,9,11,8,27,8,6,0,5,15
2019-11-05,Florida Gulf Coast,A-Sun,A,Saint Louis,L,67,89,24,52,12,27,7,9,5,23,16,4,5,18,16,34,71,11,27,10,18,16,36,16,10,5,9,16
2019-11-09,Florida Gulf Coast,A-Sun,H,UMBC,L,61,65,16,53,5,24,24,37,13,42,10,4,3,13,26,19,55,6,21,21,37,14,41,5,3,1,10,28
2019-11-11,Florida Gulf Coast,A-Sun,A,Dartmouth,L,49,55,17,50,7,25,8,12,5,33,12,4,1,13,15,20,54,8,26,7,13,7,33,9,5,4,12,14
2019-11-05,Missouri State,MVC,H,Little Rock,L,66,67,23,54,8,28,12,18,9,24,10,7,3,10,15,27,52,3,14,10,15,9,30,17,7,3,13,19
2019-11-10,Missouri State,MVC,H,Alabama State,W,59,50,22,52,7,19,8,12,11,36,13,5,3,18,18,17,53,5,20,11,15,5,25,5,9,3,16,19
2019-11-12,Missouri State,MVC,H,Cleveland State,W,73,53,20,53,5,17,28,36,16,46,5,11,4,15,20,18,57,4,22,13,23,13,33,7,8,3,16,25
2019-11-09,Morgan State,MEAC,A,Temple,L,57,75,20,56,7,25,10,16,10,41,11,2,6,19,25,24,65,7,32,20,32,13,39,11,14,4,6,16
2019-11-13,Morgan State,MEAC,H,Saint Francis (PA),L,65,71,22,57,2,13,19,32,12,27,8,8,3,10,26,18,46,4,10,31,35,6,37,10,2,4,21,24
2019-11-05,Wichita State,AAC,H,Omaha,W,68,54,26,71,11,31,5,12,13,41,15,8,7,7,14,22,56,5,19,5,10,4,35,10,4,2,13,10
2019-11-09,Wichita State,AAC,H,Texas Southern,W,69,63,16,66,3,16,34,42,13,41,6,10,7,8,23,21,55,4,15,17,27,8,32,7,4,8,19,28
2019-11-05,Tennessee Tech,OVC,A,Western Kentucky,L,64,76,26,57,8,26,4,6,9,26,12,8,2,19,21,26,52,5,15,19,26,8,30,12,8,4,15,9
2019-11-12,Tennessee Tech,OVC,H,Wright State,L,80,85,31,65,7,19,11,16,7,30,15,3,3,13,17,31,74,9,29,14,17,20,49,17,5,2,15,13
2019-11-09,Northern Illinois,MAC,H,Northern Iowa,L,54,64,22,63,6,23,4,7,12,37,4,6,5,8,15,25,61,9,27,5,8,8,34,12,1,2,7,13
2019-11-12,Northern Illinois,MAC,A,Iowa State,L,52,70,18,60,7,24,9,16,16,43,3,5,2,19,19,26,60,3,25,15,22,9,35,14,10,8,9,16
2019-11-05,Chattanooga,Southern,A,Eastern Kentucky,L,68,79,22,68,9,25,15,17,12,30,11,8,0,20,22,27,52,6,14,19,25,7,39,10,6,7,24,21
2019-11-09,Chattanooga,Southern,H,Tennessee State,W,59,57,21,60,6,19,11,19,11,38,13,6,2,13,12,25,57,4,15,3,5,4,35,9,2,5,15,22
2019-11-12,Chattanooga,Southern,A,Troy,W,74,68,24,57,11,34,15,24,8,34,17,10,0,12,22,26,63,10,26,6,19,13,42,17,4,2,16,25
2019-11-05,Tennessee,SEC,H,UNC Asheville,W,78,63,33,65,6,17,6,12,16,44,19,5,7,17,17,24,64,5,21,10,14,9,26,4,13,3,14,18
2019-11-12,Tennessee,SEC,H,Murray State,W,82,63,29,58,12,22,12,18,9,34,21,4,6,8,15,23,56,9,23,8,11,8,31,17,4,4,12,19
2019-11-05,Kansas State,Big 12,H,North Dakota State,W,67,54,26,61,6,21,9,14,7,38,14,5,4,6,16,15,52,8,30,16,25,8,38,10,4,1,6,18
2019-11-09,Kansas State,Big 12,A,UNLV,W,60,56,22,59,4,23,12,13,13,32,13,9,3,20,19,20,58,7,26,9,14,16,39,7,9,5,23,18
2019-11-13,Kansas State,Big 12,H,Monmouth,W,73,54,26,56,4,19,17,24,9,31,17,17,0,13,13,19,48,6,18,10,12,8,28,11,6,2,25,19
2019-11-09,Stephen F. Austin,Southland,H,North Carolina Central,W,94,64,35,59,11,19,13,17,9,32,19,11,3,22,15,21,47,7,18,15,19,4,18,12,10,1,30,17
2019-11-13,Stephen F. Austin,Southland,H,Niagara,W,89,80,28,64,7,22,26,33,15,29,13,8,2,14,27,25,45,8,18,22,30,6,25,16,6,1,21,28
2019-11-05,California Baptist,WAC,H,Jackson State,W,93,70,30,62,13,30,20,26,11,45,16,2,4,17,18,26,70,4,17,14,21,11,33,8,9,3,12,24
2019-11-12,California Baptist,WAC,A,Texas,L,54,67,20,58,8,23,6,16,8,30,7,3,1,16,10,26,60,6,24,9,14,11,37,10,11,6,13,14
2019-11-05,St. Francis (NY),NEC,A,Fordham,L,59,68,23,51,7,25,6,9,4,32,14,7,4,16,27,24,57,7,17,13,31,12,34,13,10,0,9,12
2019-11-09,St. Francis (NY),NEC,H,Lafayette,W,73,72,26,57,5,12,16,19,5,33,7,6,5,14,16,27,61,8,28,10,13,6,32,15,5,1,15,16
2019-11-14,St. Francis (NY),NEC,A,Longwood,L,77,86,29,57,8,21,11,19,10,29,11,4,4,15,21,28,59,9,22,21,27,11,27,9,5,1,9,21
2019-11-05,UNC Greensboro,Southern,H,North Carolina A&amp;T,W,83,50,27,63,11,34,18,27,14,40,17,12,6,10,20,15,46,4,17,16,26,8,32,8,6,4,18,22
2019-11-08,UNC Greensboro,Southern,A,Kansas,L,62,74,24,62,8,31,6,13,8,32,11,5,3,9,18,27,59,10,26,10,19,10,40,15,5,2,10,12
2019-11-09,Austin Peay,OVC,A,Western Kentucky,L,75,97,27,68,4,21,17,23,15,22,12,7,2,8,25,30,50,11,21,26,29,10,33,17,4,5,16,17
2019-11-06,UCLA,Pac-12,H,Long Beach State,W,69,65,21,53,5,19,22,31,13,37,13,11,6,13,16,24,52,9,19,8,16,4,25,6,4,5,14,24
2019-11-10,UCLA,Pac-12,H,UCSB,W,77,61,26,60,6,12,19,27,15,37,11,5,3,8,15,23,50,7,22,8,9,5,23,13,5,4,14,22
2019-11-07,Marshall,CUSA,H,Robert Morris,W,67,60,26,59,4,20,11,20,14,40,11,9,9,16,10,24,64,7,22,5,8,12,35,11,8,1,14,16
2019-11-10,Marshall,CUSA,H,Toledo,L,70,96,26,61,6,23,12,16,6,27,6,11,9,17,15,35,68,14,25,12,15,11,40,19,11,3,18,14
2019-11-07,Robert Morris,NEC,A,Marshall,L,60,67,24,64,7,22,5,8,12,35,11,8,1,14,16,26,59,4,20,11,20,14,40,11,9,9,16,10
2019-11-09,Robert Morris,NEC,A,Notre Dame,L,57,92,21,62,11,30,4,8,7,27,12,6,1,14,21,31,54,8,22,22,25,5,39,18,5,5,11,12
2019-11-12,Robert Morris,NEC,H,Pitt,L,57,71,22,58,7,20,6,6,6,22,16,5,3,11,19,22,50,5,12,22,27,10,36,13,7,5,11,11
2019-11-05,USC Upstate,Big South,A,College of Charleston,L,55,74,20,56,6,20,9,15,7,29,5,3,3,12,23,25,56,3,18,21,28,8,40,7,6,1,10,15
2019-11-11,USC Upstate,Big South,A,North Carolina Central,L,64,73,23,65,7,29,11,23,10,28,12,5,2,13,22,23,46,9,18,18,23,8,38,16,6,2,26,25
2019-11-13,USC Upstate,Big South,A,Virginia Tech,L,57,80,20,53,3,25,14,18,7,30,8,3,2,13,10,31,58,13,27,5,7,4,26,19,6,6,8,11
2019-11-06,Southeastern Louisiana,Southland,A,Tulane,L,55,76,24,61,5,28,2,11,10,39,13,3,2,19,24,26,63,8,28,16,24,10,41,15,10,2,12,15
2019-11-13,Southeastern Louisiana,Southland,H,Grambling,L,70,81,26,59,6,22,12,20,9,32,12,5,4,17,26,26,55,3,10,26,36,10,35,14,8,2,15,23
2019-11-05,Minnesota,Big Ten,H,Cleveland State,W,85,50,31,57,13,29,10,14,7,36,26,5,8,16,13,19,55,3,19,9,11,5,24,10,7,2,16,17
2019-11-09,Minnesota,Big Ten,N,Oklahoma,L,62,71,25,63,8,32,4,12,8,31,11,3,5,13,20,24,60,6,15,17,22,8,39,10,6,3,9,15
2019-11-12,Minnesota,Big Ten,A,Butler,L,56,64,17,51,6,23,16,21,8,32,12,5,5,15,25,21,55,3,14,19,26,9,31,8,7,3,9,20
2019-11-05,Alabama State,SWAC,A,Gonzaga,L,64,95,24,49,9,16,7,12,4,19,14,3,1,20,24,34,59,10,20,17,27,9,31,24,11,3,8,17
2019-11-10,Alabama State,SWAC,A,Missouri State,L,50,59,17,53,5,20,11,15,5,25,5,9,3,16,19,22,52,7,19,8,12,11,36,13,5,3,18,18
2019-11-12,Alabama State,SWAC,A,Houston,L,56,84,17,49,7,21,15,23,1,16,7,5,0,12,16,33,64,9,22,9,14,11,40,15,5,2,13,20
2019-11-05,UMass,A-10,H,UMass-Lowell,W,79,64,31,64,9,27,8,17,10,30,18,11,7,9,19,23,60,5,18,13,20,11,36,10,7,0,18,20
2019-11-09,UMass,A-10,A,Fairfield,W,62,60,23,48,6,16,10,17,4,29,10,6,1,10,16,21,50,6,17,12,16,6,32,13,8,1,10,17
2019-11-12,UMass,A-10,H,Northeastern,W,80,71,27,57,13,27,13,17,6,25,16,10,3,7,13,28,58,8,25,7,8,6,30,18,6,0,13,17
2019-11-09,Lipscomb,A-Sun,H,Middle Tennessee,L,70,73,24,64,9,32,13,16,10,38,12,4,6,18,16,23,57,13,30,14,17,6,34,14,8,4,20,18
2019-11-12,Lipscomb,A-Sun,A,Tennessee State,L,78,79,27,54,7,20,17,24,4,19,9,3,1,13,12,32,59,8,22,7,13,12,36,15,3,3,22,26
2019-11-06,Georgetown,Big East,H,Mount St. Mary's,W,81,68,28,59,8,21,17,21,10,37,16,9,1,12,14,25,54,8,21,10,16,4,25,13,7,2,14,20
2019-11-09,Georgetown,Big East,H,Central Arkansas,W,89,78,33,66,8,22,15,20,13,50,19,7,6,19,16,28,73,12,36,10,14,4,26,17,10,3,11,20
2019-11-14,Georgetown,Big East,H,Penn State,L,66,81,23,61,4,13,16,21,12,38,13,9,4,21,17,28,63,13,29,12,17,9,39,19,15,5,20,21
2019-11-09,Murray State,OVC,H,Southern,W,69,49,22,48,3,16,22,32,9,42,13,5,5,21,16,19,61,3,22,8,11,8,26,6,9,8,13,28
2019-11-12,Murray State,OVC,A,Tennessee,L,63,82,23,56,9,23,8,11,8,31,17,4,4,12,19,29,58,12,22,12,18,9,34,21,4,6,8,15
2019-11-05,Memphis,AAC,H,South Carolina State,W,97,64,36,66,6,20,19,21,12,42,21,8,10,13,21,21,58,8,25,14,18,5,20,9,2,1,18,20
2019-11-08,Memphis,AAC,H,UIC,W,92,46,32,54,14,27,14,26,8,40,22,5,8,14,17,15,62,8,29,8,14,11,27,10,5,3,19,18
2019-11-12,Memphis,AAC,N,Oregon,L,74,82,26,69,4,23,18,22,15,33,16,7,2,12,21,29,60,9,23,15,27,13,36,16,7,2,18,21
2019-11-05,William &amp; Mary,CAA,A,High Point,W,70,56,24,56,8,24,14,20,6,39,15,4,4,15,14,20,63,2,12,14,21,10,35,6,5,5,11,16
2019-11-08,William &amp; Mary,CAA,A,American,W,79,70,28,58,4,13,19,24,7,38,15,7,5,11,10,25,66,9,25,11,13,8,31,10,4,5,12,18
2019-11-12,William &amp; Mary,CAA,A,Wofford,W,80,79,31,55,12,26,6,7,6,28,16,4,3,10,17,28,62,10,23,13,13,9,21,10,3,1,6,11
2019-11-05,Tennessee State,OVC,H,Alabama A&amp;M,W,106,66,41,62,17,34,7,16,7,39,25,6,7,16,21,24,66,8,25,10,19,11,29,7,6,0,14,17
2019-11-09,Tennessee State,OVC,A,Chattanooga,L,57,59,25,57,4,15,3,5,4,35,9,2,5,15,22,21,60,6,19,11,19,11,38,13,6,2,13,12
2019-11-12,Tennessee State,OVC,H,Lipscomb,W,79,78,32,59,8,22,7,13,12,36,15,3,3,22,26,27,54,7,20,17,24,4,19,9,3,1,13,12
2019-11-06,Montana,Big Sky,A,Stanford,L,62,73,23,52,7,20,9,14,5,31,9,6,4,17,13,27,54,7,17,12,13,1,23,13,13,5,9,12
2019-11-05,Montana State,Big Sky,A,Utah State,L,73,81,24,57,9,19,16,26,8,33,13,6,3,15,31,20,53,6,18,35,45,8,34,12,8,5,9,23
2019-11-06,Belmont,OVC,A,Illinois State,L,72,79,28,60,7,25,9,13,7,34,16,5,3,10,14,30,63,13,26,6,13,9,34,16,7,5,8,13
2019-11-11,Belmont,OVC,H,Samford,W,95,63,34,68,16,38,11,16,6,32,24,10,5,10,15,27,64,2,9,7,11,10,36,7,4,1,20,11
2019-11-05,Navy,Patriot,A,George Mason,L,55,68,21,58,4,20,9,13,17,40,14,4,1,17,15,26,63,8,25,8,15,14,32,16,9,5,13,16
2019-11-08,Navy,Patriot,H,East Carolina,W,62,57,19,42,6,16,18,26,6,27,11,8,0,20,16,22,54,5,18,8,13,9,27,15,12,4,19,27
2019-11-06,Pitt,ACC,H,Florida State,W,63,61,16,51,9,26,22,31,11,32,11,5,0,12,16,21,53,6,20,13,15,9,32,6,4,6,14,27
2019-11-09,Pitt,ACC,H,Nicholls State,L,70,75,28,56,4,16,10,18,13,34,12,7,8,20,12,27,65,11,24,10,13,16,32,14,11,5,17,19
2019-11-12,Pitt,ACC,A,Robert Morris,W,71,57,22,50,5,12,22,27,10,36,13,7,5,11,11,22,58,7,20,6,6,6,22,16,5,3,11,19
2019-11-08,Niagara,MAAC,A,Drexel,L,64,72,28,62,5,15,3,4,3,22,13,5,0,11,17,27,49,8,18,10,19,7,33,19,7,1,19,13
2019-11-10,Niagara,MAAC,A,Rutgers,L,39,86,16,52,5,19,2,3,6,21,10,3,4,15,16,35,59,9,19,7,8,7,35,22,7,6,9,12
2019-11-13,Niagara,MAAC,A,Stephen F. Austin,L,80,89,25,45,8,18,22,30,6,25,16,6,1,21,28,28,64,7,22,26,33,15,29,13,8,2,14,27
2019-11-05,Toledo,MAC,A,Valparaiso,L,77,79,26,53,11,28,14,17,6,27,16,7,3,20,19,31,71,6,21,11,14,15,34,20,10,3,14,19
2019-11-10,Toledo,MAC,A,Marshall,W,96,70,35,68,14,25,12,15,11,40,19,11,3,18,14,26,61,6,23,12,16,6,27,6,11,9,17,15
2019-11-05,Cleveland State,Horizon,A,Minnesota,L,50,85,19,55,3,19,9,11,5,24,10,7,2,16,17,31,57,13,29,10,14,7,36,26,5,8,16,13
2019-11-12,Cleveland State,Horizon,A,Missouri State,L,53,73,18,57,4,22,13,23,13,33,7,8,3,16,25,20,53,5,17,28,36,16,46,5,11,4,15,20
2019-11-09,Wright State,Horizon,A,Miami (OH),W,88,81,35,75,6,18,12,20,17,47,8,8,4,13,18,30,65,10,24,11,15,7,32,12,6,8,14,23
2019-11-12,Wright State,Horizon,A,Tennessee Tech,W,85,80,31,74,9,29,14,17,20,49,17,5,2,15,13,31,65,7,19,11,16,7,30,15,3,3,13,17
2019-11-05,North Carolina A&amp;T,MEAC,A,UNC Greensboro,L,50,83,15,46,4,17,16,26,8,32,8,6,4,18,22,27,63,11,34,18,27,14,40,17,12,6,10,20
2019-11-08,North Carolina A&amp;T,MEAC,H,Charleston Southern,W,63,49,25,53,4,14,9,21,10,39,14,11,4,23,19,20,66,4,26,5,16,16,42,8,8,3,21,21
2019-11-12,North Carolina A&amp;T,MEAC,A,Western Carolina,L,64,90,27,65,2,14,8,15,11,25,10,10,1,16,18,30,51,15,28,15,22,8,39,19,6,1,21,14
2019-11-06,St. John's (NY),Big East,H,Mercer,W,109,79,38,76,8,19,25,31,13,39,16,11,7,9,21,26,66,12,28,15,24,15,35,16,4,2,24,28
2019-11-09,St. John's (NY),Big East,H,Central Connecticut,W,87,57,34,76,11,28,8,15,14,43,19,10,8,15,24,18,53,6,18,15,30,7,34,10,4,4,21,16
2019-11-12,St. John's (NY),Big East,H,New Hampshire,W,74,61,28,71,7,18,11,18,13,41,16,9,6,13,16,22,58,8,24,9,18,8,34,16,6,3,14,15
2019-11-05,Furman,Southern,A,Gardner-Webb,W,70,63,25,54,6,25,14,18,7,30,12,7,4,12,14,22,57,10,24,9,14,11,34,18,6,7,16,18
2019-11-08,Furman,Southern,H,Loyola (IL),W,87,63,31,56,8,20,17,24,5,24,18,12,2,9,12,29,55,4,14,1,3,7,30,13,3,3,22,20
2019-11-12,Furman,Southern,A,Charleston Southern,W,91,47,35,65,11,28,10,11,12,42,14,6,3,11,10,20,61,4,23,3,4,9,26,13,5,2,15,11
2019-11-05,Auburn,SEC,H,Georgia Southern,W,83,74,29,58,7,22,18,25,10,39,13,6,2,21,21,27,57,5,18,15,21,4,25,8,10,2,18,21
2019-11-08,Auburn,SEC,N,Davidson,W,76,66,24,50,6,24,22,35,6,34,11,3,5,14,21,18,55,10,28,20,23,8,28,11,8,0,15,27
2019-11-12,Auburn,SEC,A,South Alabama,W,70,69,24,54,10,24,12,22,10,33,13,3,5,11,16,26,59,6,15,11,17,12,38,11,8,3,9,21
2019-11-05,Holy Cross,Patriot,A,Maryland,L,71,95,30,67,7,27,4,5,3,26,15,3,0,14,19,37,76,5,27,16,24,17,45,15,8,8,8,6
2019-11-09,Holy Cross,Patriot,A,New Hampshire,L,83,87,26,56,10,22,21,26,5,32,15,2,1,12,23,30,65,11,28,16,25,11,37,16,7,2,9,18
2019-11-12,Holy Cross,Patriot,H,Fairfield,L,63,68,23,61,10,28,7,10,11,32,14,6,5,15,17,25,54,5,17,13,19,7,32,8,9,7,12,10
2019-11-08,Oakland,Horizon,N,Delaware,L,53,56,19,51,3,12,12,22,7,36,11,10,5,13,14,20,57,10,27,6,13,9,37,17,5,4,15,20
2019-11-09,Oakland,Horizon,N,UTSA,W,75,62,21,48,8,19,25,31,7,33,13,3,1,12,20,21,62,8,30,12,15,7,27,10,4,1,11,26
2019-11-10,Oakland,Horizon,N,Southern Illinois,W,61,52,24,52,3,13,10,13,10,38,11,4,3,14,9,21,53,7,30,3,6,1,17,10,10,1,8,13
2019-11-09,Evansville,MVC,H,Ball State,W,79,75,29,61,9,19,12,14,6,31,13,7,3,16,13,30,65,9,23,6,15,10,34,9,10,0,10,19
2019-11-12,Evansville,MVC,A,Kentucky,W,67,64,23,60,9,30,12,13,9,32,10,2,0,11,18,20,54,4,17,20,25,8,34,6,6,2,13,18
2019-11-08,Charleston Southern,Big South,A,North Carolina A&amp;T,L,49,63,20,66,4,26,5,16,16,42,8,8,3,21,21,25,53,4,14,9,21,10,39,14,11,4,23,19
2019-11-12,Charleston Southern,Big South,H,Furman,L,47,91,20,61,4,23,3,4,9,26,13,5,2,15,11,35,65,11,28,10,11,12,42,14,6,3,11,10
2019-11-05,UC-Riverside,Big West,A,Nebraska,W,66,47,23,55,12,25,8,9,11,46,12,8,2,16,18,16,55,6,26,9,19,9,28,12,6,6,11,11
2019-11-09,UC-Riverside,Big West,H,Idaho,W,58,51,19,50,6,22,14,17,9,38,10,3,2,13,21,18,49,3,16,12,23,7,26,6,5,2,8,18
2019-11-05,Brown,Ivy,A,Bryant,W,73,71,23,53,5,17,22,31,13,39,9,7,2,15,18,25,62,8,28,13,21,10,32,14,9,0,11,24
2019-11-09,Brown,Ivy,H,Canisius,W,75,68,23,54,10,30,19,25,10,34,12,9,1,19,19,21,53,6,16,20,24,9,31,10,9,1,22,26
2019-11-13,Brown,Ivy,H,Quinnipiac,W,70,68,26,74,9,26,9,12,15,40,14,8,4,13,13,29,68,6,23,4,5,11,37,8,8,6,15,16
2019-11-05,Mississippi State,SEC,H,Florida International,W,77,69,31,57,5,14,10,17,13,33,14,10,5,18,15,28,60,7,26,6,10,12,25,16,8,5,16,20
2019-11-08,Mississippi State,SEC,H,Sam Houston State,W,67,58,23,46,5,18,16,24,10,37,18,5,8,23,13,24,65,6,22,4,4,9,24,8,12,1,10,24
2019-11-14,Mississippi State,SEC,H,Louisiana-Monroe,W,62,45,20,49,3,12,19,30,11,36,11,7,4,13,18,18,51,5,16,4,12,11,31,9,4,2,17,23
2019-11-05,Baylor,Big 12,H,Central Arkansas,W,105,61,40,71,18,33,7,14,11,48,25,6,2,14,20,22,61,4,23,13,24,6,23,11,5,6,15,19
2019-11-08,Baylor,Big 12,N,Washington,L,64,67,23,65,8,21,10,12,8,31,19,6,4,17,16,24,53,7,15,12,17,5,28,16,7,10,20,15
2019-11-05,Fordham,A-10,H,St. Francis (NY),W,68,59,24,57,7,17,13,31,12,34,13,10,0,9,12,23,51,7,25,6,9,4,32,14,7,4,16,27
2019-11-13,Fordham,A-10,H,Fairleigh Dickinson,W,53,50,20,56,4,20,9,17,11,33,13,12,2,13,15,18,50,1,14,13,17,9,35,9,5,1,19,18
2019-11-12,Lamar,Southland,A,Duquesne,L,56,66,22,54,4,16,8,12,5,28,10,12,3,19,19,21,57,8,27,16,20,12,37,11,9,7,18,15
2019-11-05,Northeastern,CAA,A,Boston University,W,72,67,28,55,5,16,11,14,5,28,10,10,1,12,18,27,55,8,26,5,12,7,30,11,5,4,15,15
2019-11-08,Northeastern,CAA,H,Harvard,W,84,79,28,51,11,19,17,22,5,27,10,5,3,10,19,29,61,8,25,13,17,11,30,14,5,2,10,18
2019-11-12,Northeastern,CAA,A,UMass,L,71,80,28,58,8,25,7,8,6,30,18,6,0,13,17,27,57,13,27,13,17,6,25,16,10,3,7,13
2019-11-06,Boston College,ACC,H,Wake Forest,W,77,70,27,62,6,18,17,27,7,30,13,9,3,6,20,26,62,5,14,13,17,11,40,12,2,1,17,23
2019-11-10,Boston College,ACC,A,South Florida,W,74,60,25,50,8,21,16,24,11,38,16,9,5,25,15,22,61,6,27,10,18,11,28,4,18,4,19,23
2019-11-13,Boston College,ACC,H,High Point,W,59,33,24,65,3,25,8,13,10,36,13,16,3,13,13,12,48,4,19,5,8,9,39,6,6,3,28,15
2019-11-05,Fresno State,MWC,A,Oregon,L,57,71,19,55,9,36,10,14,7,28,14,5,7,17,19,25,60,1,13,20,27,15,43,11,8,2,13,13
2019-11-10,Fresno State,MWC,H,Winthrop,W,77,74,25,52,11,24,16,20,8,36,11,5,3,14,18,28,63,13,34,5,9,8,24,15,3,2,8,18
2019-11-12,Fresno State,MWC,A,San Diego,L,66,72,23,64,6,30,14,21,12,42,11,5,3,17,21,24,62,7,24,17,22,6,35,17,8,3,12,20
2019-11-05,Kentucky,SEC,N,Michigan State,W,69,62,19,50,6,18,25,32,5,30,9,4,3,10,20,22,56,5,26,13,18,7,30,14,4,0,15,23
2019-11-08,Kentucky,SEC,H,Eastern Kentucky,W,91,49,34,62,2,14,21,32,12,51,17,8,6,18,13,16,64,8,33,9,11,3,22,7,10,0,21,21
2019-11-12,Kentucky,SEC,H,Evansville,L,64,67,20,54,4,17,20,25,8,34,6,6,2,13,18,23,60,9,30,12,13,9,32,10,2,0,11,18
2019-11-05,St. Joseph's,A-10,H,Bradley,W,86,81,26,62,6,31,28,32,9,28,17,7,5,16,14,30,77,9,20,12,15,16,38,17,7,6,14,28
2019-11-10,St. Joseph's,A-10,A,Old Dominion,L,69,82,22,68,15,37,10,19,10,35,17,4,2,13,24,26,66,8,17,22,34,16,50,11,8,8,12,18
2019-11-13,St. Joseph's,A-10,A,UConn,W,96,87,32,70,13,33,19,33,9,39,14,9,4,9,25,22,63,14,29,29,38,10,43,7,5,7,13,23
2019-11-09,Southern Miss,CUSA,A,South Alabama,L,69,75,28,61,6,22,7,10,13,38,12,6,3,16,18,24,54,5,22,22,24,6,24,10,11,4,8,12
2019-11-14,Southern Miss,CUSA,A,North Florida,L,63,66,27,61,3,10,6,7,9,40,15,9,2,16,13,24,59,11,30,7,14,6,30,13,8,2,12,11
2019-11-05,Arkansas,SEC,H,Rice,W,91,43,37,67,10,25,7,11,7,42,19,14,5,21,16,16,56,2,25,9,15,4,23,7,9,2,24,16
2019-11-12,Arkansas,SEC,H,North Texas,W,66,43,20,45,6,22,20,24,4,23,8,11,5,10,15,17,51,2,17,7,12,9,31,8,3,0,16,22
2019-11-09,New Orleans,Southland,A,Butler,L,53,79,21,49,5,11,6,8,2,21,7,2,5,16,20,29,60,9,19,12,20,14,38,18,6,2,5,14
2019-11-12,New Orleans,Southland,A,SMU,L,64,77,22,63,4,24,16,23,12,36,13,3,2,8,23,28,59,6,23,15,22,10,39,15,4,2,10,15
2019-11-08,Hawaii,Big West,H,Florida A&amp;M,W,65,52,22,61,6,26,15,22,12,43,16,8,3,14,22,17,61,5,15,13,20,10,34,6,9,5,15,18
2019-11-10,Hawaii,Big West,H,South Dakota,L,75,81,28,58,8,19,11,16,3,28,14,4,6,10,23,26,55,5,14,24,29,4,30,11,6,4,9,17
2019-11-11,Hawaii,Big West,H,Pacific,W,72,67,23,48,10,23,16,17,5,18,14,6,2,7,11,26,53,7,19,8,9,7,25,10,4,2,9,17
2019-11-08,Marist,MAAC,A,VMI,W,58,56,22,58,4,16,10,13,7,34,9,6,5,10,8,22,57,9,31,3,8,5,35,15,6,2,11,15
2019-11-12,Marist,MAAC,H,Hartford,L,51,62,19,60,4,17,9,18,16,36,4,5,2,10,14,24,48,10,24,4,8,5,32,11,4,1,11,18
2019-11-05,Virginia Tech,ACC,A,Clemson,W,67,60,22,57,9,27,14,20,6,39,11,4,1,13,15,22,64,7,29,9,15,8,36,9,4,2,8,16
2019-11-08,Virginia Tech,ACC,H,Coppin State,W,74,42,27,61,11,33,9,12,5,49,17,7,5,15,13,14,71,6,39,8,11,11,40,6,8,1,16,14
2019-11-13,Virginia Tech,ACC,H,USC Upstate,W,80,57,31,58,13,27,5,7,4,26,19,6,6,8,11,20,53,3,25,14,18,7,30,8,3,2,13,10
2019-11-05,Maryland,Big Ten,H,Holy Cross,W,95,71,37,76,5,27,16,24,17,45,15,8,8,8,6,30,67,7,27,4,5,3,26,15,3,0,14,19
2019-11-09,Maryland,Big Ten,H,Rhode Island,W,73,55,25,56,6,19,17,24,10,41,14,7,5,16,21,20,67,7,23,8,16,17,39,11,6,1,18,21
2019-11-07,Air Force,MWC,H,Idaho State,L,79,89,27,52,1,11,24,27,7,26,5,5,3,13,24,28,56,12,29,21,25,8,27,13,7,2,11,23
2019-11-09,Air Force,MWC,H,Texas State,W,78,71,22,48,12,26,22,31,7,35,16,2,5,12,21,29,64,3,18,10,20,8,29,9,5,4,6,24
2019-11-12,Air Force,MWC,A,Army,W,69,57,23,56,9,25,14,18,4,34,11,9,2,13,10,24,58,5,27,4,10,3,32,14,7,1,14,18
2019-11-09,Bethune-Cookman,MEAC,A,Texas Tech,L,44,79,17,57,3,17,7,10,5,24,4,5,5,20,19,28,59,7,19,16,22,9,39,22,9,3,15,15
2019-11-11,Bethune-Cookman,MEAC,A,Omaha,L,61,90,21,61,6,20,13,19,7,28,12,8,2,16,21,35,59,5,12,15,23,9,41,16,7,6,16,17
2019-11-07,Troy,Sun Belt,H,Alabama-Birmingham,L,75,76,28,63,12,28,7,11,9,18,19,8,1,6,13,27,55,9,19,13,20,16,40,13,4,1,16,16
2019-11-12,Troy,Sun Belt,H,Chattanooga,L,68,74,26,63,10,26,6,19,13,42,17,4,2,16,25,24,57,11,34,15,24,8,34,17,10,0,12,22
2019-11-08,LSU,SEC,H,Bowling Green State,W,88,79,27,57,7,18,27,34,8,44,11,3,8,16,18,24,75,14,35,17,21,14,39,12,11,0,9,23
2019-11-13,LSU,SEC,A,VCU,L,82,84,31,60,7,17,13,17,13,34,9,7,4,26,25,26,63,9,28,23,29,13,31,13,14,7,16,19
2019-11-05,Loyola (IL),MVC,H,UC-Davis,W,82,48,35,63,4,16,8,10,5,36,20,7,1,8,11,21,57,3,17,3,8,5,24,9,3,3,14,12
2019-11-08,Loyola (IL),MVC,A,Furman,L,63,87,29,55,4,14,1,3,7,30,13,3,3,22,20,31,56,8,20,17,24,5,24,18,12,2,9,12
2019-11-12,Loyola (IL),MVC,H,Coppin State,L,72,76,23,54,4,21,22,34,7,34,17,9,4,14,19,23,58,8,18,22,28,9,37,7,6,4,13,26
2019-11-06,UNC,ACC,H,Notre Dame,W,76,65,27,59,10,20,10,17,11,47,15,2,4,17,15,24,68,9,31,8,14,6,26,16,10,0,6,13
2019-11-08,UNC,ACC,A,UNC Wilmington,W,78,62,27,72,8,25,16,30,13,51,13,5,3,8,15,25,72,5,28,7,11,11,48,12,5,0,11,22
2019-11-05,Florida International,CUSA,A,Mississippi State,L,69,77,28,60,7,26,6,10,12,25,16,8,5,16,20,31,57,5,14,10,17,13,33,14,10,5,18,15
2019-11-13,Florida International,CUSA,A,NC State,L,77,86,26,51,10,23,15,20,5,28,12,8,7,21,23,31,69,6,23,18,28,17,31,11,8,4,12,17
2019-11-05,Saint Mary's,WCC,N,Wisconsin,W,65,63,24,61,8,18,9,13,11,33,10,6,2,14,20,22,52,5,19,14,20,6,26,8,1,4,14,14
2019-11-11,Saint Mary's,WCC,H,Winthrop,L,59,61,21,52,5,17,12,18,6,31,7,6,4,14,19,26,56,5,19,4,10,7,31,6,2,2,13,18
2019-11-14,Saint Mary's,WCC,H,Long Beach State,W,81,63,31,55,12,20,7,10,6,28,18,7,0,11,16,23,52,5,14,12,17,6,24,8,6,5,12,16
2019-11-09,Canisius,MAAC,A,Brown,L,68,75,21,53,6,16,20,24,9,31,10,9,1,22,26,23,54,10,30,19,25,10,34,12,9,1,19,19
2019-11-13,Canisius,MAAC,A,Albany (NY),L,57,83,20,58,4,23,13,18,8,24,12,8,2,12,17,31,55,7,19,14,19,6,34,15,5,4,13,18
2019-11-05,Clemson,ACC,H,Virginia Tech,L,60,67,22,64,7,29,9,15,8,36,9,4,2,8,16,22,57,9,27,14,20,6,39,11,4,1,13,15
2019-11-07,Clemson,ACC,H,Presbyterian,W,79,45,31,67,14,34,3,4,10,38,14,6,2,11,16,18,51,5,18,4,9,8,31,10,8,2,20,10
2019-11-10,Clemson,ACC,H,Colgate,W,81,68,31,60,6,20,13,18,8,32,11,13,1,11,9,26,57,11,33,5,5,4,24,14,2,2,18,16
2019-11-05,Duquesne,A-10,H,Princeton,W,94,67,36,63,13,25,9,10,6,25,13,10,5,8,15,27,57,7,22,6,14,12,29,11,1,0,17,14
2019-11-12,Duquesne,A-10,H,Lamar,W,66,56,21,57,8,27,16,20,12,37,11,9,7,18,15,22,54,4,16,8,12,5,28,10,12,3,19,19
2019-11-05,Little Rock,Sun Belt,A,Missouri State,W,67,66,27,52,3,14,10,15,9,30,17,7,3,13,19,23,54,8,28,12,18,9,24,10,7,3,10,15
2019-11-10,Little Rock,Sun Belt,A,Illinois State,L,70,75,27,53,6,19,10,12,4,24,13,9,4,15,19,24,51,10,24,17,24,8,25,14,4,4,15,16
2019-11-05,Kennesaw State,A-Sun,A,Creighton,L,55,81,22,59,3,20,8,13,7,33,9,5,2,17,14,33,63,12,25,3,8,8,41,16,9,6,15,13
2019-11-07,Kennesaw State,A-Sun,A,Drake,L,55,86,19,55,4,16,13,16,8,27,9,8,4,12,9,34,59,17,29,1,2,5,31,24,7,4,13,13
2019-11-11,Kennesaw State,A-Sun,A,Mercer,L,62,74,19,60,5,14,19,27,12,39,9,5,2,19,22,22,60,8,22,22,27,12,40,16,10,6,16,24
2019-11-05,Mississippi Valley State,SWAC,A,Iowa State,L,74,110,30,73,11,29,3,8,10,35,13,3,0,21,9,45,87,13,35,7,11,15,48,32,15,7,10,8
2019-11-08,Mississippi Valley State,SWAC,A,Utah,L,49,143,21,80,4,30,3,6,7,26,10,9,6,17,16,57,90,17,34,12,13,10,61,41,6,3,11,14
2019-11-10,Mississippi Valley State,SWAC,A,Central Michigan,L,78,134,30,73,8,32,10,16,7,34,15,0,4,23,27,47,93,13,37,27,37,20,56,20,16,1,6,15
2019-11-12,Mississippi Valley State,SWAC,A,Western Michigan,L,81,91,29,63,7,18,16,19,8,29,6,5,2,8,27,29,57,6,12,27,38,10,35,14,2,3,8,14
2019-11-05,Wisconsin,Big Ten,N,Saint Mary's,L,63,65,22,52,5,19,14,20,6,26,8,1,4,14,14,24,61,8,18,9,13,11,33,10,6,2,14,20
2019-11-08,Wisconsin,Big Ten,H,Eastern Illinois,W,65,52,21,55,3,18,20,24,12,41,7,6,12,11,13,21,63,7,19,3,8,10,33,9,6,4,11,22
2019-11-13,Wisconsin,Big Ten,H,McNeese State,W,83,63,29,55,10,28,15,18,6,24,19,10,3,9,15,21,45,8,21,13,17,4,21,13,4,2,18,21
